"equality_id";"country_id";"year";"income_share_poorest_10pro";"income_share_richest_10pro";"inequality_index_gini";"poverty_below_national";"total_number_of_dollar_billionaires"
1;3;2000;1.0;40.2;52.0;0.0;0
2;3;2008;2.1;32.3;42.7;0.0;0
3;3;2018;1.3;39.6;51.3;32.3;0
4;5;1996;3.9;21.2;27.0;0.0;0
5;5;2002;3.5;25.4;31.7;25.4;0
6;5;2005;3.5;24.3;30.6;18.5;0
7;5;2008;3.7;24.5;30.0;12.4;0
8;5;2012;3.7;22.9;29.0;14.3;0
9;5;2014;2.9;25.5;34.6;0.0;0
10;5;2015;3.2;24.8;32.8;0.0;0
11;5;2016;3.0;25.0;33.7;23.7;0
12;5;2017;3.1;24.6;33.1;23.4;0
13;5;2018;3.2;22.7;30.1;23.0;0
14;5;2019;3.4;23.8;30.8;21.8;0
15;8;2013;2.3;21.4;32.5;0.0;0
16;8;2018;4.0;20.0;26.0;0.0;0
17;9;1980;2.0;30.2;40.8;0.0;0
18;9;1986;1.8;32.2;42.8;0.0;0
19;9;1987;1.6;34.3;45.3;0.0;0
20;9;1991;1.7;36.6;46.8;0.0;0
21;9;1992;1.6;34.3;45.5;0.0;0
22;9;1993;1.5;33.2;44.9;0.0;0
23;9;1994;1.5;34.4;45.9;0.0;0
24;9;1995;1.1;37.0;48.9;0.0;0
25;9;1996;1.0;36.9;49.5;0.0;0
26;9;1997;1.1;36.4;49.1;0.0;0
27;9;1998;1.1;38.1;50.7;0.0;0
28;9;1999;1.1;37.0;49.8;0.0;0
29;9;2000;0.9;37.7;51.1;0.0;0
30;9;2001;0.7;39.5;53.3;0.0;0
31;9;2002;0.9;40.5;53.8;0.0;0
32;9;2003;1.1;37.7;50.9;0.0;0
33;9;2004;1.2;35.2;48.4;0.0;1
34;9;2005;1.3;34.9;47.7;0.0;1
35;9;2006;1.3;33.7;46.3;0.0;1
36;9;2007;1.4;33.7;46.2;0.0;1
37;9;2008;1.4;32.4;44.9;0.0;0
38;9;2009;1.5;31.2;43.7;0.0;0
39;9;2010;1.6;31.7;43.6;0.0;0
40;9;2011;1.7;31.0;42.6;0.0;0
41;9;2012;1.7;29.7;41.3;0.0;0
42;9;2013;1.8;29.4;40.9;0.0;0
43;9;2014;1.8;29.9;41.6;0.0;0
44;9;2016;1.8;30.4;42.0;30.3;0
45;9;2017;1.8;29.7;41.1;25.7;0
46;9;2018;1.8;29.8;41.3;32.0;0
47;9;2019;1.7;31.0;42.9;35.5;0
48;9;2020;1.7;30.3;42.3;42.0;0
49;10;1999;3.0;29.6;36.2;0.0;0
50;10;2001;3.2;29.1;35.4;0.0;0
51;10;2002;3.3;29.0;34.8;0.0;0
52;10;2003;3.7;28.2;33.0;0.0;0
53;10;2004;3.1;31.7;37.5;0.0;0
54;10;2005;3.3;30.8;36.0;0.0;0
55;10;2006;3.7;24.5;29.7;0.0;0
56;10;2007;3.5;25.1;31.2;0.0;0
57;10;2008;3.9;23.7;29.2;0.0;0
58;10;2009;4.0;22.9;28.0;0.0;0
59;10;2010;3.9;25.0;30.0;0.0;0
60;10;2011;3.8;24.0;29.4;0.0;0
61;10;2012;3.8;24.5;29.6;0.0;0
62;10;2013;3.6;24.7;30.6;0.0;0
63;10;2014;3.5;25.7;31.5;0.0;0
64;10;2015;3.4;26.7;32.4;0.0;0
65;10;2016;3.3;25.3;32.5;0.0;0
66;10;2017;3.5;28.4;33.6;0.0;0
67;10;2018;3.3;29.2;34.4;0.0;0
68;10;2019;3.8;25.1;29.9;26.4;0
69;10;2020;4.4;21.5;25.2;27.0;0
70;15;1981;2.8;23.3;31.3;0.0;0
71;15;1985;2.7;24.3;32.5;0.0;0
72;15;1989;2.6;24.7;33.2;0.0;0
73;15;1995;2.9;24.6;32.6;0.0;0
74;15;2001;2.7;25.1;33.5;0.0;0
75;15;2003;2.7;25.1;33.5;0.0;0
76;15;2004;3.0;25.3;33.1;0.0;5
77;15;2008;2.8;27.4;35.4;0.0;0
78;15;2010;2.7;26.5;34.7;0.0;0
79;15;2014;2.8;27.0;34.4;0.0;0
80;15;2016;2.8;25.8;33.7;0.0;0
81;15;2018;2.7;26.6;34.3;0.0;0
82;16;1987;4.4;19.3;23.0;0.0;0
83;16;1994;3.0;24.6;31.3;0.0;0
84;16;1995;2.3;22.4;31.1;0.0;0
85;16;1997;3.1;23.4;30.2;0.0;0
86;16;2000;3.4;22.7;28.8;0.0;0
87;16;2003;3.3;23.5;29.5;13.0;0
88;16;2004;3.4;23.8;29.8;12.6;3
89;16;2005;3.5;22.8;28.7;12.6;4
90;16;2006;3.4;23.7;29.6;12.0;3
91;16;2007;3.1;23.8;30.6;15.2;3
92;16;2008;3.0;24.1;30.4;14.5;0
93;16;2009;2.8;24.7;31.5;14.7;0
94;16;2010;3.1;23.6;30.3;14.5;0
95;16;2011;2.9;23.7;30.8;14.4;0
96;16;2012;2.8;23.4;30.5;14.4;0
97;16;2013;3.1;24.3;30.8;14.1;0
98;16;2014;3.1;24.1;30.5;13.9;0
99;16;2015;3.0;23.8;30.5;14.1;0
100;16;2016;2.8;23.8;30.8;14.4;0
101;16;2017;3.0;23.0;29.7;14.3;0
102;16;2018;2.9;23.9;30.8;13.3;0
103;16;2019;2.9;23.2;30.2;13.9;0
104;17;1995;2.7;26.8;34.7;0.0;0
105;17;2001;3.1;29.5;36.5;49.6;0
106;17;2002;4.8;23.2;25.3;0.0;0
107;17;2003;4.5;23.6;26.8;0.0;0
108;17;2004;4.8;24.4;26.6;0.0;0
109;17;2005;4.8;24.2;26.6;0.0;0
110;18;1992;3.4;26.6;33.3;0.0;0
111;18;1998;1.7;32.7;42.3;0.0;0
112;18;2006;4.0;28.0;33.4;67.1;0
113;18;2013;2.8;31.0;38.6;64.9;0
114;19;1985;4.0;20.6;25.2;0.0;0
115;19;1988;3.9;21.1;25.7;0.0;0
116;19;1992;3.7;20.1;25.0;0.0;0
117;19;1995;3.3;22.8;28.4;0.0;0
118;19;1997;3.5;21.6;26.8;0.0;0
119;19;2000;3.3;28.3;33.1;0.0;0
120;19;2003;3.3;22.2;28.1;0.0;0
121;19;2004;3.4;25.1;30.5;0.0;1
122;19;2005;3.4;23.9;29.3;0.0;1
123;19;2006;3.4;22.4;28.1;0.0;2
124;19;2007;3.4;23.5;29.2;0.0;2
125;19;2008;3.4;22.7;28.4;0.0;0
126;19;2009;3.2;22.7;28.6;0.0;0
127;19;2010;3.3;22.7;28.4;0.0;0
128;19;2011;3.3;22.4;28.1;0.0;0
129;19;2012;3.4;21.9;27.5;0.0;0
130;19;2013;3.3;21.8;27.7;0.0;0
131;19;2014;3.4;22.4;28.1;0.0;0
132;19;2015;3.4;22.2;27.7;0.0;0
133;19;2016;3.4;22.2;27.6;0.0;0
134;19;2017;3.4;21.9;27.4;0.0;0
135;19;2018;3.5;22.2;27.2;14.8;0
136;19;2019;3.6;22.3;27.2;14.1;0
137;20;2003;2.9;31.1;38.6;0.0;0
138;20;2011;2.5;34.5;43.4;36.2;0
139;20;2015;1.0;37.6;47.8;40.1;0
140;20;2018;2.9;29.9;37.8;0.0;0
141;21;1994;2.2;39.5;48.1;0.0;0
142;21;1998;2.0;42.7;49.9;0.0;0
143;21;2003;2.3;33.8;43.3;0.0;0
144;21;2009;2.7;32.0;39.8;0.0;0
145;21;2014;3.6;29.6;35.3;0.0;0
146;21;2018;2.3;37.5;47.3;41.4;0
147;22;1983;4.1;21.9;25.9;0.0;0
148;22;1985;4.5;23.4;26.9;0.0;0
149;22;1988;4.2;24.6;28.8;0.0;0
150;22;1991;4.1;23.3;27.6;0.0;0
151;22;1995;3.8;28.1;32.9;0.0;0
152;22;2000;3.7;27.9;33.4;48.9;0
153;22;2005;3.8;28.0;33.2;40.0;0
154;22;2010;3.9;26.9;32.1;31.5;0
155;22;2016;3.7;26.8;32.4;24.3;0
156;23;2006;1.6;26.6;35.7;0.0;0
157;23;2007;2.2;27.9;36.1;0.0;0
158;23;2008;2.4;25.7;33.6;0.0;0
159;23;2009;2.4;25.7;33.8;0.0;0
160;23;2010;2.1;26.9;35.7;0.0;0
161;23;2011;2.1;26.0;34.3;0.0;0
162;23;2012;2.0;27.4;36.0;0.0;0
163;23;2013;1.8;27.6;36.6;0.0;0
164;23;2014;2.0;28.8;37.4;0.0;0
165;23;2015;1.5;28.7;38.6;22.9;0
166;23;2016;1.6;31.4;40.6;23.4;0
167;23;2017;1.9;31.9;40.4;22.0;0
168;23;2018;1.9;32.6;41.3;22.6;0
169;23;2019;1.9;31.4;40.3;23.8;0
170;26;2001;3.6;24.8;30.0;0.0;0
171;26;2004;2.9;26.4;34.0;0.0;0
172;26;2007;3.0;25.1;33.1;18.2;0
173;26;2011;2.9;25.1;33.0;17.9;0
174;27;1998;3.1;24.9;32.0;0.0;0
175;27;1999;3.0;24.0;31.7;0.0;0
176;27;2000;3.1;24.0;31.2;41.9;0
177;27;2001;3.3;24.0;30.6;28.9;0
178;27;2002;3.3;24.0;30.3;30.5;0
179;27;2003;3.5;22.6;28.8;27.1;0
180;27;2004;3.8;21.4;26.5;17.8;0
181;27;2005;3.6;21.8;27.6;12.7;0
182;27;2006;3.6;22.4;28.3;11.1;0
183;27;2007;3.5;23.6;29.6;7.7;0
184;27;2008;3.7;22.3;27.8;6.1;0
185;27;2009;3.7;22.6;27.7;5.4;0
186;27;2010;3.6;22.9;28.6;5.2;0
187;27;2011;3.8;21.9;27.2;7.3;0
188;27;2012;4.0;21.8;26.5;6.3;0
189;27;2013;4.0;22.1;26.6;5.5;0
190;27;2014;3.9;22.6;27.2;4.8;0
191;27;2015;4.1;21.2;25.6;5.1;0
192;27;2016;4.2;21.3;25.3;5.7;0
193;27;2017;4.2;21.3;25.4;5.9;0
194;27;2018;4.3;21.4;25.2;5.6;0
195;27;2019;4.2;21.3;25.3;5.0;0
196;27;2020;4.4;20.7;24.4;4.8;0
197;28;1993;0.8;51.1;60.3;0.0;0
198;28;1994;1.0;52.5;60.9;0.0;0
199;28;1996;1.0;46.5;56.6;0.0;0
200;28;1997;0.6;50.3;60.4;0.0;0
201;28;1998;1.0;43.7;54.9;0.0;0
202;28;1999;0.9;42.4;53.3;0.0;0
203;30;1997;0.5;45.4;58.2;0.0;0
204;30;1999;0.3;42.6;58.1;0.0;0
205;30;2000;0.2;47.8;61.6;0.0;0
206;30;2001;0.5;44.2;57.4;0.0;0
207;30;2002;0.4;46.6;59.3;0.0;0
208;30;2004;0.9;43.9;55.0;0.0;0
209;30;2005;0.5;45.3;58.5;0.0;0
210;30;2006;0.6;43.6;56.7;0.0;0
211;30;2007;0.8;41.9;54.5;0.0;0
212;30;2008;0.9;38.5;50.8;0.0;0
213;30;2009;0.8;36.9;49.2;0.0;0
214;30;2011;1.1;33.7;46.1;0.0;0
215;30;2012;0.9;33.7;46.6;0.0;0
216;30;2013;1.0;35.2;47.6;0.0;0
217;30;2014;1.1;36.0;47.8;0.0;0
218;30;2015;1.1;34.8;46.7;0.0;0
219;30;2016;1.0;32.4;45.3;0.0;0
220;30;2017;1.1;32.0;44.6;0.0;0
221;30;2018;1.4;30.6;42.6;0.0;0
222;30;2019;1.7;30.8;41.6;37.2;0
223;30;2020;1.5;32.6;43.6;39.0;0
224;31;1981;0.8;45.9;57.9;0.0;0
225;31;1982;0.8;46.2;58.4;0.0;0
226;31;1983;0.8;46.8;59.0;0.0;0
227;31;1984;0.9;46.5;58.4;0.0;0
228;31;1985;0.9;42.5;55.6;0.0;0
229;31;1986;0.9;46.6;58.5;0.0;0
230;31;1987;0.7;47.4;59.7;0.0;0
231;31;1988;0.6;49.2;61.4;0.0;0
232;31;1989;0.6;51.1;63.3;0.0;0
233;31;1990;0.8;48.1;60.5;0.0;0
234;31;1992;0.8;39.7;53.2;0.0;0
235;31;1993;0.7;48.5;60.1;0.0;0
236;31;1995;0.8;47.5;59.6;0.0;0
237;31;1996;0.7;47.4;59.9;0.0;0
238;31;1997;0.7;47.4;59.8;0.0;0
239;31;1998;0.7;47.6;59.6;0.0;0
240;31;1999;0.8;47.0;59.0;0.0;0
241;31;2001;0.8;46.1;58.4;0.0;0
242;31;2002;0.9;46.1;58.1;0.0;0
243;31;2003;0.8;45.4;57.6;0.0;0
244;31;2004;0.9;44.5;56.5;0.0;6
245;31;2005;1.0;44.6;56.3;0.0;8
246;31;2006;1.0;44.1;55.6;0.0;16
247;31;2007;1.0;43.2;54.9;0.0;20
248;31;2008;1.0;42.5;54.0;0.0;0
249;31;2009;1.0;42.2;53.7;0.0;0
250;31;2011;1.1;41.7;52.9;0.0;0
251;31;2012;1.1;42.4;53.4;0.0;0
252;31;2013;1.2;41.7;52.7;0.0;0
253;31;2014;1.2;41.0;52.0;0.0;0
254;31;2015;1.2;40.9;51.9;0.0;0
255;31;2016;1.1;42.0;53.3;0.0;0
256;31;2017;1.0;42.0;53.3;0.0;0
257;31;2018;1.0;42.5;53.9;0.0;0
258;31;2019;0.9;41.9;53.5;0.0;0
259;31;2020;1.6;39.4;48.9;0.0;0
260;34;2003;2.8;32.2;40.9;0.0;0
261;34;2007;2.7;29.4;38.1;23.2;0
262;34;2012;2.7;30.7;38.8;12.0;0
263;34;2017;2.7;27.9;37.4;8.2;0
264;36;1985;1.4;42.9;54.2;59.0;0
265;36;1993;1.2;51.2;60.8;32.9;0
266;36;2002;0.8;53.1;64.7;30.6;0
267;36;2009;1.1;49.6;60.5;19.3;0
268;36;2015;1.5;41.5;53.3;0.0;0
269;37;1992;0.7;47.7;61.3;0.0;0
270;37;2008;1.2;46.2;56.2;62.0;0
271;38;1971;1.7;27.0;37.3;0.0;0
272;38;1975;2.4;24.6;33.3;0.0;0
273;38;1981;2.6;24.3;32.4;0.0;0
274;38;1987;2.8;23.8;31.5;0.0;0
275;38;1991;2.9;23.6;31.0;0.0;0
276;38;1994;2.9;23.6;31.3;0.0;0
277;38;1997;2.8;23.8;31.6;0.0;0
278;38;1998;2.7;25.3;33.2;0.0;0
279;38;2000;2.7;25.5;33.3;0.0;0
280;38;2004;2.6;25.6;33.7;0.0;17
281;38;2007;2.7;26.0;33.8;0.0;23
282;38;2010;2.7;25.7;33.6;0.0;0
283;38;2012;2.5;25.2;33.5;0.0;0
284;38;2013;2.4;25.1;33.8;0.0;0
285;38;2014;2.6;25.2;33.2;0.0;0
286;38;2015;2.5;25.5;33.7;0.0;0
287;38;2016;2.8;25.0;32.7;0.0;0
288;38;2017;2.7;25.3;33.3;0.0;0
289;40;1982;2.9;28.6;36.0;0.0;0
290;40;1992;2.8;26.4;33.9;0.0;0
291;40;2000;3.1;25.9;33.4;0.0;0
292;40;2002;3.3;24.1;31.7;0.0;0
293;40;2006;2.9;26.0;33.9;15.0;8
294;40;2007;2.9;26.7;34.3;15.7;8
295;40;2008;3.0;26.3;33.8;15.6;0
296;40;2009;3.1;25.7;32.9;15.0;0
297;40;2010;3.1;25.4;32.6;15.0;0
298;40;2011;3.2;24.7;31.7;15.9;0
299;40;2012;3.3;25.0;31.6;14.5;0
300;40;2013;3.3;25.5;32.5;13.8;0
301;40;2014;3.2;25.5;32.5;15.6;0
302;40;2015;3.2;25.2;32.3;14.7;0
303;40;2016;3.0;25.8;33.0;15.5;0
304;40;2017;3.1;25.5;32.7;14.6;0
305;40;2018;2.9;25.8;33.1;16.0;0
306;41;1987;1.2;45.4;56.2;0.0;0
307;41;1990;1.2;47.1;57.2;0.0;0
308;41;1992;1.4;45.2;54.8;0.0;0
309;41;1994;1.2;45.9;56.4;0.0;0
310;41;1996;1.3;44.4;54.9;0.0;0
311;41;1998;1.3;45.0;55.5;0.0;0
312;41;2000;1.3;42.6;52.8;36.0;0
313;41;2003;1.4;41.4;51.5;35.4;0
314;41;2006;1.9;37.9;47.3;29.1;2
315;41;2009;1.9;38.2;47.0;25.3;0
316;41;2011;2.1;37.3;46.0;22.2;0
317;41;2013;2.1;37.4;45.8;14.4;0
318;41;2015;2.2;36.1;44.4;11.7;0
319;41;2017;2.3;36.3;44.4;8.6;0
320;41;2020;2.1;35.8;44.9;10.8;0
321;42;1990;3.5;25.8;32.2;0.0;0
322;42;1993;3.3;26.6;33.9;0.0;0
323;42;1996;3.1;27.3;35.2;0.0;0
324;42;1999;2.7;29.4;38.7;0.0;0
325;42;2002;2.3;31.4;42.0;0.0;0
326;42;2005;2.4;30.9;40.9;30.2;2
327;42;2008;2.1;32.0;43.0;0.0;0
328;42;2010;2.0;32.6;43.7;17.2;0
329;42;2011;2.1;31.8;42.4;12.7;0
330;42;2012;2.1;31.5;42.2;10.2;0
331;42;2013;2.5;30.3;39.7;8.5;0
332;42;2014;2.5;29.7;39.2;7.2;0
333;42;2015;2.6;29.4;38.6;5.7;0
334;42;2016;2.7;29.4;38.5;4.5;0
335;42;2017;2.6;29.9;39.1;3.1;0
336;42;2018;2.7;29.4;38.5;1.7;0
337;42;2019;2.8;29.5;38.2;0.6;0
338;43;1985;1.8;35.6;45.5;0.0;0
339;43;1986;2.8;29.5;38.0;0.0;0
340;43;1987;2.5;32.0;40.5;0.0;0
341;43;1988;2.7;28.3;36.9;0.0;0
342;43;1992;2.3;29.5;39.4;0.0;0
343;43;1995;2.7;32.8;40.6;0.0;0
344;43;1998;2.6;30.1;39.0;0.0;0
345;43;2002;2.3;32.7;41.3;0.0;0
346;43;2008;1.8;32.6;43.2;0.0;0
347;43;2015;2.1;31.9;41.5;44.4;0
348;43;2018;2.9;29.0;37.2;39.5;0
349;44;1996;2.5;36.2;44.4;53.3;0
350;44;2001;2.5;33.6;42.1;40.2;0
351;44;2007;2.5;33.0;42.8;39.9;0
352;44;2014;1.7;35.0;46.6;37.5;0
353;45;2004;2.2;32.4;42.2;69.3;0
354;45;2004;2.2;32.4;42.2;69.3;0
355;45;2012;2.1;32.0;42.1;63.9;0
356;45;2005;2.0;36.9;47.3;50.7;0
357;45;2005;2.0;36.9;47.3;50.7;0
358;45;2011;1.6;37.9;48.9;40.9;0
359;48;1992;1.1;40.5;51.5;0.0;0
360;48;1996;0.5;45.6;56.9;0.0;0
361;48;1999;0.3;46.9;58.7;0.0;0
362;48;2000;0.1;47.0;58.7;0.0;0
363;48;2001;0.5;46.3;57.5;0.0;0
364;48;2002;1.1;45.2;56.0;0.0;0
365;48;2003;1.1;42.8;53.6;0.0;0
366;48;2004;1.2;44.5;55.0;0.0;2
367;48;2005;1.2;43.2;53.9;0.0;2
368;48;2008;1.0;43.7;55.3;0.0;0
369;48;2009;1.1;42.9;54.3;0.0;0
370;48;2010;1.1;43.4;54.6;0.0;0
371;48;2011;1.2;42.4;53.5;0.0;0
372;48;2012;1.2;41.3;52.6;0.0;0
373;48;2013;1.2;41.4;52.6;0.0;0
374;48;2014;1.2;41.4;52.6;0.0;0
375;48;2015;1.3;39.9;51.0;0.0;0
376;48;2016;1.3;39.8;50.6;0.0;0
377;48;2017;1.4;39.0;49.7;0.0;0
378;48;2018;1.4;39.7;50.4;0.0;0
379;48;2019;1.2;40.3;51.3;35.7;0
380;48;2020;0.7;42.2;54.2;42.5;0
381;49;2004;1.5;48.1;55.9;0.0;0
382;49;2014;1.6;33.7;45.3;0.0;0
383;50;2001;1.6;42.6;52.5;58.0;0
384;50;2007;2.0;37.1;47.2;46.0;0
385;50;2015;2.2;32.3;42.4;35.0;0
386;51;1981;1.1;33.7;47.5;0.0;0
387;51;1986;1.5;23.1;34.4;0.0;0
388;51;1989;0.9;33.3;45.6;0.0;0
389;51;1990;1.0;33.0;45.3;0.0;0
390;51;1991;1.0;34.3;46.6;0.0;0
391;51;1992;1.1;33.7;45.7;0.0;0
392;51;1993;1.0;33.7;46.0;0.0;0
393;51;1994;1.1;35.3;46.8;0.0;0
394;51;1995;1.1;33.8;45.7;0.0;0
395;51;1996;1.0;34.3;46.5;0.0;0
396;51;1997;1.3;33.8;45.6;0.0;0
397;51;1998;1.4;34.0;45.7;0.0;0
398;51;1999;1.2;35.9;47.7;0.0;0
399;51;2000;1.1;35.7;47.4;0.0;0
400;51;2001;1.1;39.7;51.5;0.0;0
401;51;2002;1.1;40.4;51.8;0.0;0
402;51;2003;1.1;37.0;49.3;0.0;0
403;51;2004;1.3;36.6;48.4;0.0;0
404;51;2005;1.4;35.9;47.5;0.0;0
405;51;2006;1.4;38.3;49.3;0.0;0
406;51;2007;1.5;38.9;49.3;0.0;0
407;51;2008;1.5;37.7;48.6;0.0;0
408;51;2009;1.3;39.4;50.6;0.0;0
409;51;2010;1.6;36.8;48.0;0.0;0
410;51;2011;1.5;36.9;48.8;24.8;0
411;51;2012;1.5;36.6;48.4;23.5;0
412;51;2013;1.4;37.0;49.2;23.3;0
413;51;2014;1.5;36.9;48.6;24.6;0
414;51;2015;1.5;36.8;48.4;23.6;0
415;51;2016;1.5;37.3;48.7;22.9;0
416;51;2017;1.6;37.0;48.3;22.1;0
417;51;2018;1.5;36.3;48.0;22.9;0
418;51;2019;1.6;36.7;48.2;23.9;0
419;51;2020;1.4;37.0;49.3;30.0;0
420;55;2004;3.6;24.3;30.1;16.1;0
421;55;2005;3.8;24.9;30.3;15.6;0
422;55;2006;3.7;26.0;31.1;15.5;0
423;55;2007;3.7;25.5;31.1;15.9;2
424;55;2008;3.7;26.2;31.7;15.8;0
425;55;2009;3.5;26.2;32.1;15.6;0
426;55;2010;3.6;25.7;31.5;14.8;0
427;55;2011;3.4;26.7;32.6;14.7;0
428;55;2012;3.3;28.0;34.3;15.3;0
429;55;2013;3.1;30.9;37.0;14.4;0
430;55;2014;3.0;28.8;35.6;16.2;0
431;55;2015;3.2;27.5;34.0;16.1;0
432;55;2016;3.4;26.8;32.9;15.7;0
433;55;2017;3.4;25.5;31.4;15.4;0
434;55;2018;3.5;27.2;32.7;14.7;0
435;55;2019;3.5;25.5;31.2;14.3;0
436;56;1992;5.1;19.6;20.7;0.0;0
437;56;1993;4.6;23.6;26.6;0.0;0
438;56;1996;4.0;22.1;25.8;0.0;0
439;56;2002;4.0;22.5;26.6;0.0;0
440;56;2004;3.6;23.1;27.5;0.0;0
441;56;2005;3.8;22.9;26.9;9.8;0
442;56;2006;3.7;22.6;26.7;0.0;1
443;56;2007;3.9;22.3;26.0;0.0;1
444;56;2008;3.9;22.9;26.3;0.0;0
445;56;2009;3.8;22.4;26.2;0.0;0
446;56;2010;3.7;22.4;26.6;0.0;0
447;56;2011;3.7;22.2;26.4;0.0;0
448;56;2012;3.9;22.2;26.1;0.0;0
449;56;2013;3.8;22.6;26.5;0.0;0
450;56;2014;3.9;22.1;25.9;9.7;0
451;56;2015;3.9;22.1;25.9;9.7;0
452;56;2016;4.0;21.9;25.4;9.1;0
453;56;2017;4.2;21.5;24.9;9.6;0
454;56;2018;4.2;21.5;25.0;10.1;0
455;56;2019;4.2;21.5;25.3;9.5;0
456;57;1991;3.7;23.1;29.4;0.0;0
457;57;1992;3.6;23.3;29.2;0.0;0
458;57;1993;3.7;22.9;28.7;0.0;0
459;57;1994;3.3;23.0;29.2;0.0;0
460;57;1995;3.4;23.0;29.0;0.0;0
461;57;1996;3.6;22.6;28.4;0.0;0
462;57;1997;3.6;22.4;28.3;0.0;0
463;57;1998;3.6;22.3;28.3;0.0;0
464;57;1999;3.5;23.2;29.1;0.0;0
465;57;2000;3.5;23.0;28.9;0.0;0
466;57;2001;3.5;23.9;30.1;0.0;0
467;57;2002;3.4;23.7;29.9;0.0;0
468;57;2003;3.4;24.0;30.1;0.0;0
469;57;2004;3.4;24.1;30.3;12.2;52
470;57;2005;3.3;25.3;31.8;12.5;57
471;57;2006;3.4;24.9;31.2;15.2;55
472;57;2007;3.4;25.2;31.4;15.2;55
473;57;2008;3.4;24.7;30.9;15.5;0
474;57;2009;3.3;24.0;30.5;15.6;0
475;57;2010;3.4;24.1;30.3;15.8;0
476;57;2011;3.4;24.6;30.8;16.1;0
477;57;2012;3.2;24.4;31.1;16.1;0
478;57;2013;3.3;24.9;31.5;16.7;0
479;57;2014;3.2;24.1;30.9;16.7;0
480;57;2015;3.1;24.8;31.6;16.5;0
481;57;2016;3.1;24.7;31.6;16.1;0
482;57;2017;3.1;24.6;31.2;16.0;0
483;57;2018;3.1;25.1;31.7;18.9;0
484;58;2002;2.3;30.8;40.0;0.0;0
485;58;2012;1.3;34.4;45.1;0.0;0
486;58;2013;1.7;34.1;44.1;0.0;0
487;58;2017;1.9;32.3;41.6;21.1;0
488;60;1987;3.6;21.6;26.2;0.0;0
489;60;1992;3.8;20.5;24.7;0.0;0
490;60;1995;4.5;19.8;23.0;0.0;0
491;60;2000;4.4;20.1;23.8;0.0;0
492;60;2003;4.0;21.4;25.6;0.0;0
493;60;2004;4.0;20.7;24.9;0.0;3
494;60;2005;4.0;21.0;25.2;0.0;3
495;60;2006;4.0;21.8;25.9;0.0;2
496;60;2007;3.9;22.1;26.2;0.0;2
497;60;2008;3.9;21.0;25.2;0.0;0
498;60;2009;3.5;21.8;26.7;0.0;0
499;60;2010;3.7;22.5;27.2;0.0;0
500;60;2011;3.7;22.7;27.3;0.0;0
501;60;2012;3.7;23.1;27.8;0.0;0
502;60;2013;3.6;23.7;28.5;0.0;0
503;60;2014;3.4;23.6;28.4;0.0;0
504;60;2015;3.7;23.8;28.2;0.0;0
505;60;2016;3.7;23.7;28.2;0.0;0
506;60;2017;3.7;24.0;28.7;0.0;0
507;60;2018;3.7;23.5;28.2;0.0;0
508;60;2019;3.8;23.5;27.7;12.1;0
509;61;1986;1.4;36.1;47.8;0.0;0
510;61;1989;1.7;39.8;50.5;0.0;0
511;61;1992;1.6;41.9;51.4;0.0;0
512;61;1996;1.5;36.5;47.4;0.0;0
513;61;1997;1.3;37.9;48.9;0.0;0
514;61;2000;1.2;40.2;51.5;0.0;0
515;61;2001;1.5;39.2;50.0;0.0;0
516;61;2002;1.3;38.3;49.7;0.0;0
517;61;2003;1.3;41.7;52.1;0.0;0
518;61;2004;1.4;41.7;52.1;0.0;0
519;61;2005;1.5;39.0;50.0;0.0;0
520;61;2006;1.4;41.2;52.0;0.0;0
521;61;2007;1.6;38.6;48.9;0.0;0
522;61;2008;1.7;37.8;48.1;0.0;0
523;61;2009;1.7;38.7;48.9;0.0;0
524;61;2010;1.8;36.5;47.3;0.0;0
525;61;2011;1.8;37.5;47.7;0.0;0
526;61;2012;1.9;36.0;46.1;0.0;0
527;61;2013;1.9;37.9;47.7;0.0;0
528;61;2014;1.9;33.4;44.3;0.0;0
529;61;2015;1.9;34.9;45.2;0.0;0
530;61;2016;1.8;35.4;45.7;0.0;0
531;61;2017;2.3;33.5;42.2;25.6;0
532;61;2018;2.3;35.2;43.7;22.8;0
533;61;2019;2.3;33.1;41.9;21.0;0
534;61;2020;2.4;30.5;39.6;0.0;0
535;62;1988;2.7;32.8;40.2;0.0;0
536;62;1995;2.9;26.9;35.3;0.0;0
537;62;2011;4.0;22.9;27.6;5.5;0
538;63;1994;0.9;42.5;53.4;0.0;0
539;63;1999;0.7;47.9;58.6;0.0;0
540;63;2000;0.9;45.9;56.4;0.0;0
541;63;2003;1.0;42.0;53.5;0.0;0
542;63;2004;1.0;42.4;53.9;0.0;0
543;63;2005;1.1;41.1;53.1;0.0;0
544;63;2006;1.2;41.1;52.3;0.0;0
545;63;2007;1.1;42.0;53.4;36.7;0
546;63;2008;1.3;38.1;49.8;35.1;0
547;63;2009;1.4;37.1;48.5;36.0;0
548;63;2010;1.4;37.5;48.8;32.8;0
549;63;2011;1.5;34.1;45.9;28.6;0
550;63;2012;1.5;34.6;46.1;27.3;0
551;63;2013;1.6;35.7;46.9;25.6;0
552;63;2014;1.7;34.4;45.0;22.5;0
553;63;2015;1.6;34.9;46.0;23.3;0
554;63;2016;1.6;34.3;45.0;22.9;0
555;63;2017;1.6;33.8;44.7;21.5;0
556;63;2018;1.6;34.4;45.4;23.2;0
557;63;2019;1.6;34.5;45.7;25.0;0
558;63;2020;1.3;36.0;47.3;33.0;0
559;64;1990;3.8;26.7;32.0;0.0;0
560;64;1995;4.2;26.0;30.1;0.0;0
561;64;1999;3.9;28.3;32.8;0.0;0
562;64;2004;3.9;27.4;31.8;0.0;0
563;64;2008;3.9;27.0;31.1;0.0;0
564;64;2010;4.1;26.1;30.2;0.0;0
565;64;2012;4.3;24.7;28.3;0.0;0
566;64;2015;3.9;27.8;31.8;27.8;0
567;64;2017;3.8;26.9;31.5;32.5;0
568;67;1980;2.6;26.3;34.5;0.0;0
569;67;1985;2.7;26.7;34.4;0.0;0
570;67;1990;2.9;24.8;32.0;0.0;0
571;67;1995;2.1;27.5;36.7;0.0;0
572;67;2000;2.7;26.3;34.3;0.0;0
573;67;2003;2.6;24.0;31.8;20.1;0
574;67;2004;2.4;24.9;33.3;20.1;8
575;67;2005;2.5;24.3;32.4;20.3;10
576;67;2006;2.3;24.9;33.5;19.7;10
577;67;2007;2.4;25.6;34.1;19.8;20
578;67;2008;2.3;25.6;34.2;20.4;0
579;67;2009;2.1;25.9;34.9;20.7;0
580;67;2010;2.1;26.0;35.2;20.6;0
581;67;2011;1.9;25.9;35.7;20.8;0
582;67;2012;2.0;25.8;35.4;20.4;0
583;67;2013;1.8;25.9;36.2;22.2;0
584;67;2014;1.8;26.0;36.1;22.1;0
585;67;2015;1.9;26.2;36.2;22.3;0
586;67;2016;1.8;25.8;35.8;21.6;0
587;67;2017;2.1;25.4;34.7;21.5;0
588;67;2018;2.1;25.3;34.7;20.7;0
589;67;2019;2.0;24.9;34.3;21.0;0
590;68;2003;2.0;28.4;37.2;20.2;0
591;68;2004;2.5;25.9;33.6;18.3;0
592;68;2005;2.7;26.2;33.4;18.3;0
593;68;2006;2.8;26.9;33.7;19.4;0
594;68;2007;3.0;24.0;31.2;19.5;0
595;68;2008;2.9;24.9;31.9;19.7;0
596;68;2009;2.8;24.4;31.4;15.8;0
597;68;2010;2.5;24.3;32.0;17.5;0
598;68;2011;2.6;24.8;32.5;17.5;0
599;68;2012;2.6;25.2;32.9;18.6;0
600;68;2013;2.4;26.6;35.1;0.0;0
601;68;2014;2.4;26.3;34.6;21.6;0
602;68;2015;2.7;24.4;32.7;21.7;0
603;68;2016;2.9;23.1;31.2;21.0;0
604;68;2017;3.0;22.5;30.4;21.9;0
605;68;2018;3.0;22.4;30.3;21.7;0
606;68;2019;3.0;23.3;30.8;20.7;0
607;69;1995;2.6;38.0;44.6;45.5;0
608;69;1999;3.9;25.5;30.0;44.2;0
609;69;2004;4.1;25.6;29.8;38.7;0
610;69;2010;3.2;27.4;33.2;29.6;0
611;69;2015;2.9;28.5;35.0;23.5;0
612;70;1987;4.6;19.2;22.2;0.0;0
613;70;1991;4.6;19.6;22.9;0.0;0
614;70;1995;4.7;20.5;23.5;0.0;0
615;70;2000;4.0;22.7;27.2;0.0;0
616;70;2003;3.9;23.0;27.7;11.0;0
617;70;2004;3.9;23.2;27.9;11.7;0
618;70;2005;4.0;23.0;27.6;12.6;0
619;70;2006;3.8;23.0;28.0;13.0;0
620;70;2007;3.8;23.3;28.3;13.6;0
621;70;2008;3.8;23.0;27.8;13.8;0
622;70;2009;3.8;22.6;27.5;13.1;0
623;70;2010;3.7;22.5;27.7;13.7;0
624;70;2011;3.8;22.8;27.6;13.2;0
625;70;2012;3.9;22.3;27.1;11.8;0
626;70;2013;3.8;22.3;27.2;12.8;0
627;70;2014;3.9;22.0;26.8;12.4;0
628;70;2015;3.8;22.4;27.1;11.6;0
629;70;2016;3.9;22.4;27.1;11.5;0
630;70;2017;3.8;22.6;27.4;12.0;0
631;70;2018;3.8;22.6;27.3;11.6;0
632;70;2019;3.8;23.0;27.7;12.2;0
633;71;2002;2.7;29.6;38.1;0.0;0
634;71;2008;2.7;32.9;40.4;0.0;0
635;71;2013;3.1;29.7;36.7;0.0;0
636;71;2019;3.5;24.2;30.7;24.1;0
637;73;1978;2.5;27.2;35.2;0.0;0
638;73;1984;2.2;28.9;36.9;0.0;0
639;73;1989;2.8;24.7;32.2;0.0;0
640;73;1994;3.2;25.6;32.3;0.0;0
641;73;2000;3.3;24.4;31.1;0.0;0
642;73;2003;3.3;25.2;31.4;0.0;0
643;73;2004;3.4;24.5;30.6;0.0;12
644;73;2005;3.5;23.9;29.8;0.0;14
645;73;2006;3.4;23.5;29.7;0.0;14
646;73;2007;3.3;26.2;32.4;0.0;15
647;73;2008;3.2;26.7;33.0;0.0;0
648;73;2009;3.0;26.1;32.7;0.0;0
649;73;2010;3.0;27.1;33.7;0.0;0
650;73;2011;3.1;26.9;33.3;0.0;0
651;73;2012;3.1;26.9;33.1;0.0;0
652;73;2013;3.2;26.4;32.5;0.0;0
653;73;2014;3.2;26.1;32.3;0.0;0
654;73;2015;3.1;26.6;32.7;0.0;0
655;73;2016;3.2;25.9;31.9;0.0;0
656;73;2017;3.2;25.8;31.6;0.0;0
657;73;2018;3.2;26.7;32.4;0.0;0
658;76;2005;2.3;33.1;42.2;32.7;0
659;76;2017;2.2;27.7;38.0;33.4;0
660;77;1969;3.2;26.1;33.7;0.0;0
661;77;1974;3.6;23.9;30.0;0.0;0
662;77;1979;3.6;22.4;28.4;0.0;0
663;77;1986;2.8;24.4;31.9;0.0;0
664;77;1991;2.6;27.1;35.9;0.0;0
665;77;1994;2.8;27.8;36.0;0.0;0
666;77;1995;2.8;27.3;35.5;0.0;0
667;77;1996;2.8;27.2;35.3;0.0;0
668;77;1997;2.8;27.6;35.7;0.0;0
669;77;1998;2.7;28.5;36.6;0.0;0
670;77;1999;2.7;28.7;36.8;0.0;0
671;77;2000;2.6;31.9;39.6;0.0;0
672;77;2001;2.7;30.2;37.9;0.0;0
673;77;2002;2.8;28.2;35.7;0.0;0
674;77;2003;2.8;28.0;35.5;0.0;0
675;77;2004;2.5;27.8;36.0;0.0;17
676;77;2005;2.6;26.1;34.3;0.0;24
677;77;2006;2.7;26.7;34.6;0.0;24
678;77;2007;2.6;28.0;35.7;0.0;29
679;77;2008;2.7;26.4;34.1;0.0;0
680;77;2009;2.8;26.5;34.3;0.0;0
681;77;2010;2.9;26.8;34.4;0.0;0
682;77;2011;2.9;25.3;33.2;0.0;0
683;77;2012;3.1;24.6;32.3;0.0;0
684;77;2013;2.9;25.3;33.2;0.0;0
685;77;2014;2.9;26.2;34.0;0.0;0
686;77;2015;2.9;25.4;33.2;0.0;0
687;77;2016;2.8;26.8;34.8;17.0;0
688;77;2017;2.6;26.7;35.1;18.6;0
689;78;1996;2.3;27.9;37.1;0.0;0
690;78;1997;1.8;29.9;40.7;0.0;0
691;78;1998;1.7;31.2;41.3;0.0;0
692;78;1999;1.9;29.9;40.1;0.0;0
693;78;2000;1.8;30.3;40.5;0.0;0
694;78;2001;2.0;30.0;39.6;0.0;0
695;78;2002;2.3;28.2;37.2;0.0;0
696;78;2003;2.3;27.1;36.7;0.0;0
697;78;2004;2.3;26.7;36.2;34.3;0
698;78;2005;2.3;27.7;37.4;35.4;0
699;78;2006;2.3;27.5;36.9;36.9;0
700;78;2007;2.3;28.9;38.1;38.8;0
701;78;2008;2.3;29.1;38.5;34.9;0
702;78;2009;2.3;28.9;38.2;34.9;0
703;78;2010;2.1;29.5;39.5;37.3;0
704;78;2011;2.0;29.8;39.6;34.1;0
705;78;2012;2.2;29.3;39.0;30.0;0
706;78;2013;2.3;29.1;38.6;26.2;0
707;78;2014;2.4;28.6;37.6;23.5;0
708;78;2015;2.6;27.8;36.5;21.6;0
709;78;2016;2.6;28.1;36.6;22.0;0
710;78;2017;2.3;28.9;37.9;21.9;0
711;78;2018;2.4;27.5;36.4;20.1;0
712;78;2019;2.6;27.6;35.9;19.5;0
713;78;2020;2.7;26.2;34.5;21.3;0
714;79;1987;2.8;27.3;35.3;0.0;0
715;79;1988;2.9;28.1;36.0;0.0;0
716;79;1991;2.6;30.1;38.4;0.0;0
717;79;1998;2.2;29.6;40.1;0.0;0
718;79;2005;1.9;32.7;42.8;31.9;0
719;79;2012;2.0;31.7;42.4;24.2;0
720;79;2016;1.6;32.2;43.5;23.4;0
721;81;1991;0.9;31.7;46.8;0.0;0
722;81;1994;2.1;36.0;46.1;0.0;0
723;81;2002;2.3;34.0;43.0;0.0;0
724;81;2007;2.5;30.1;39.4;0.0;0
725;81;2012;3.0;26.4;33.7;0.0;0
726;81;2018;3.5;23.1;29.6;43.7;0
727;83;1998;1.5;37.7;48.5;0.0;0
728;83;2003;1.8;36.9;47.3;0.0;0
729;83;2010;2.2;34.9;43.6;48.1;0
730;83;2015;3.0;28.7;35.9;48.6;0
731;84;1993;2.2;34.4;43.6;0.0;0
732;84;2002;2.9;28.1;35.6;64.7;0
733;84;2010;1.6;42.0;50.7;48.7;0
734;84;2018;3.3;27.6;34.8;47.7;0
735;86;1995;2.0;27.3;37.0;0.0;0
736;86;2000;2.5;25.7;34.2;0.0;0
737;86;2003;2.7;24.6;32.8;19.9;0
738;86;2004;2.6;25.5;33.6;19.6;1
739;86;2005;2.6;26.3;34.6;20.5;1
740;86;2006;2.5;26.7;35.1;20.3;1
741;86;2007;2.6;26.0;34.0;20.1;1
742;86;2008;2.6;26.0;33.6;19.7;0
743;86;2009;2.6;26.0;33.6;20.1;0
744;86;2010;2.4;25.6;34.1;21.4;0
745;86;2011;2.0;25.6;34.8;23.1;0
746;86;2012;1.9;26.6;36.3;23.1;0
747;86;2013;2.0;26.4;36.1;22.1;0
748;86;2014;2.0;26.1;35.8;21.4;0
749;86;2015;1.9;26.2;36.0;21.2;0
750;86;2016;2.2;25.9;35.0;20.2;0
751;86;2017;2.4;25.9;34.4;18.5;0
752;86;2018;2.7;24.9;32.9;17.9;0
753;86;2019;2.5;24.9;33.1;17.7;0
754;89;1986;1.0;46.7;58.3;0.0;0
755;89;1989;0.7;46.8;59.6;0.0;0
756;89;2000;1.2;43.9;54.2;56.0;0
757;89;2006;1.1;43.2;54.6;51.0;0
758;89;2014;1.7;38.1;48.3;59.3;0
759;92;1998;1.1;34.4;45.1;0.0;0
760;95;1989;1.0;48.2;59.5;0.0;0
761;95;1990;1.0;45.5;57.4;0.0;0
762;95;1991;1.2;40.8;51.9;0.0;0
763;95;1992;1.3;41.4;51.8;0.0;0
764;95;1993;1.2;42.8;53.5;0.0;0
765;95;1994;1.0;43.5;55.0;0.0;0
766;95;1995;1.0;43.8;55.5;0.0;0
767;95;1996;0.9;43.7;55.7;0.0;0
768;95;1997;1.2;41.4;52.7;0.0;0
769;95;1998;0.5;44.6;57.4;0.0;0
770;95;1999;0.5;41.9;55.4;0.0;0
771;95;2001;0.8;41.6;55.4;0.0;0
772;95;2002;0.8;42.7;55.7;0.0;0
773;95;2003;0.7;45.1;58.1;0.0;0
774;95;2004;0.7;44.9;58.1;0.0;0
775;95;2005;0.5;46.1;59.5;0.0;0
776;95;2006;0.6;44.0;57.5;0.0;0
777;95;2007;0.9;43.1;55.8;0.0;0
778;95;2008;0.9;43.0;55.5;0.0;0
779;95;2009;1.1;38.4;51.3;0.0;0
780;95;2010;1.1;40.2;53.1;0.0;0
781;95;2011;1.0;39.7;52.6;0.0;0
782;95;2012;1.0;40.4;53.4;0.0;0
783;95;2013;1.2;37.0;50.0;0.0;0
784;95;2014;1.3;37.4;49.9;49.7;0
785;95;2015;1.3;36.6;49.2;51.5;0
786;95;2016;1.0;36.0;49.8;49.7;0
787;95;2017;1.2;36.6;49.4;49.8;0
788;95;2018;1.1;35.3;48.9;50.4;0
789;95;2019;1.2;34.6;48.2;48.0;0
790;96;2009;2.5;24.3;32.6;20.6;0
791;96;2010;2.4;23.9;32.4;20.9;0
792;96;2011;2.5;23.7;32.3;20.4;0
793;96;2012;2.5;23.9;32.5;19.5;0
794;96;2013;2.5;23.7;32.0;19.4;0
795;96;2014;2.6;24.0;32.1;20.0;0
796;96;2015;2.7;23.2;31.1;19.5;0
797;96;2016;2.7;23.2;30.9;20.0;0
798;96;2017;2.7;22.9;30.4;19.3;0
799;96;2018;2.9;22.7;29.7;18.3;0
800;96;2019;3.0;22.2;28.9;18.3;0
801;97;2012;2.1;31.2;41.1;58.5;0
802;98;2004;3.3;24.2;29.9;0.0;0
803;98;2005;2.6;28.1;34.7;0.0;0
804;98;2006;3.4;22.8;28.3;0.0;0
805;98;2007;3.5;22.3;27.9;0.0;0
806;98;2008;3.6;22.1;27.5;0.0;0
807;98;2009;3.6;21.5;27.0;0.0;0
808;98;2010;3.2;23.1;29.4;0.0;0
809;98;2011;3.1;23.2;29.2;0.0;0
810;98;2012;2.9;23.9;30.8;0.0;0
811;98;2013;2.9;24.4;31.5;0.0;0
812;98;2014;2.9;24.0;30.9;0.0;0
813;98;2015;3.0;23.8;30.4;14.5;0
814;98;2016;3.1;23.8;30.3;13.4;0
815;98;2017;3.0;23.9;30.6;12.8;0
816;98;2018;3.1;23.2;29.6;12.3;0
817;98;2019;3.1;23.3;30.0;12.3;0
818;99;1984;3.5;26.3;32.5;0.0;0
819;99;1987;4.0;25.6;30.6;0.0;0
820;99;1990;4.0;26.2;31.2;0.0;0
821;99;1993;3.9;27.0;32.0;0.0;0
822;99;1996;3.6;28.8;34.5;0.0;0
823;99;1998;3.8;26.1;31.1;0.0;0
824;99;1999;3.9;26.6;31.1;0.0;0
825;99;2000;4.2;24.4;28.6;19.1;0
826;99;2001;4.2;25.0;29.0;18.4;0
827;99;2002;4.0;26.9;31.7;18.2;0
828;99;2003;3.8;26.4;31.9;17.4;0
829;99;2004;3.6;26.9;32.7;16.7;1
830;99;2005;3.6;27.4;33.0;16.0;2
831;99;2006;3.4;28.2;34.3;17.8;2
832;99;2007;3.4;28.9;35.7;16.6;2
833;99;2008;3.4;28.5;35.2;15.4;0
834;99;2009;3.4;28.8;35.1;14.1;0
835;99;2010;3.3;28.9;36.4;13.3;0
836;99;2011;3.0;32.1;39.7;12.5;0
837;99;2012;3.1;32.3;39.7;12.0;0
838;99;2013;3.1;32.2;40.0;11.4;0
839;99;2014;3.1;31.8;39.4;11.3;0
840;99;2015;3.0;32.4;39.7;11.2;0
841;99;2016;2.9;30.5;38.6;10.9;0
842;99;2017;2.9;29.6;38.1;10.6;0
843;99;2018;2.9;29.3;37.8;9.8;0
844;99;2019;3.0;28.9;37.0;9.4;0
845;99;2020;3.0;29.0;37.0;9.8;0
846;99;2021;3.0;29.6;37.3;0.0;0
847;100;1977;3.5;27.5;33.3;0.0;0
848;100;1983;3.6;26.4;32.1;0.0;0
849;100;1987;3.8;27.5;32.6;0.0;0
850;100;1993;3.8;26.7;31.7;45.3;0
851;100;2004;3.7;29.2;34.4;37.2;9
852;100;2009;3.5;30.0;35.4;29.8;0
853;100;2011;3.5;30.1;35.7;21.9;0
854;102;1987;2.7;27.2;35.5;0.0;0
855;102;1994;2.9;29.0;36.9;0.0;0
856;102;1995;2.8;28.6;37.0;0.0;0
857;102;1996;2.9;27.6;35.6;0.0;0
858;102;2000;3.1;26.1;33.0;0.0;0
859;102;2002;2.9;25.0;32.3;0.0;0
860;102;2003;3.1;25.9;32.9;0.0;0
861;102;2004;3.0;26.6;33.6;0.0;2
862;102;2005;3.1;27.0;33.8;0.0;3
863;102;2006;3.1;25.6;32.7;0.0;4
864;102;2007;3.3;25.5;31.9;0.0;4
865;102;2008;3.3;24.6;30.9;0.0;0
866;102;2009;3.0;25.6;32.7;0.0;0
867;102;2010;2.8;24.9;32.3;0.0;0
868;102;2011;2.8;25.5;32.9;0.0;0
869;102;2012;3.0;25.9;33.2;0.0;0
870;102;2013;2.8;26.1;33.5;0.0;0
871;102;2014;3.1;24.9;31.9;0.0;0
872;102;2015;3.1;25.4;31.8;0.0;0
873;102;2016;3.1;25.9;32.8;0.0;0
874;102;2017;3.4;25.4;31.4;0.0;0
875;102;2018;3.6;25.1;30.6;0.0;0
876;103;1986;1.8;36.9;47.4;0.0;0
877;103;1990;2.1;33.5;43.6;0.0;0
878;103;1994;2.2;33.3;43.0;0.0;0
879;103;1998;2.1;33.7;44.1;0.0;0
880;103;2005;2.0;33.3;43.6;0.0;0
881;103;2006;2.0;34.0;44.8;0.0;0
882;103;2009;2.0;31.3;42.1;0.0;0
883;103;2013;2.7;29.0;37.4;0.0;0
884;103;2014;2.4;29.8;38.8;0.0;0
885;103;2015;2.4;30.6;39.5;0.0;0
886;103;2016;2.4;30.9;40.0;0.0;0
887;103;2017;2.3;31.3;40.8;0.0;0
888;103;2018;2.2;32.5;42.0;0.0;0
889;103;2019;2.3;31.7;40.9;0.0;0
890;104;2006;3.9;23.6;28.6;22.4;0
891;104;2012;3.7;23.7;29.5;18.9;0
892;105;2003;3.8;22.6;26.8;10.0;0
893;105;2004;3.8;23.7;28.0;9.7;0
894;105;2005;3.7;24.4;29.0;9.6;1
895;105;2006;3.6;25.4;30.2;10.1;1
896;105;2007;3.7;24.8;29.5;10.1;2
897;105;2008;3.6;27.1;31.8;10.2;0
898;105;2009;3.7;24.0;28.7;9.8;0
899;105;2010;3.9;22.0;26.2;9.2;0
900;105;2011;3.7;22.1;26.8;7.9;0
901;105;2012;3.8;22.1;26.8;9.3;0
902;105;2013;4.1;21.3;25.4;7.9;0
903;105;2014;3.8;23.5;27.8;9.2;0
904;105;2015;3.9;22.5;26.8;8.8;0
905;105;2016;3.8;22.8;27.2;10.1;0
906;105;2017;4.0;22.1;26.1;8.8;0
907;106;1979;2.7;26.9;36.3;0.0;0
908;106;1986;2.6;26.9;36.5;0.0;0
909;106;1992;2.8;26.9;35.5;0.0;0
910;106;1997;2.4;28.2;38.1;0.0;0
911;106;2001;2.3;28.7;38.9;0.0;0
912;106;2002;2.1;28.7;39.6;0.0;0
913;106;2003;1.9;29.4;40.7;0.0;0
914;106;2004;1.8;29.3;41.5;0.0;5
915;106;2005;1.8;30.4;42.3;0.0;6
916;106;2006;1.8;29.7;41.6;0.0;8
917;106;2007;1.8;29.5;41.1;0.0;9
918;106;2008;1.8;30.0;41.6;0.0;0
919;106;2009;1.6;30.5;42.6;0.0;0
920;106;2010;1.8;31.1;42.5;0.0;0
921;106;2011;1.8;29.5;41.4;0.0;0
922;106;2012;1.6;29.7;41.6;0.0;0
923;106;2013;1.8;28.9;40.2;0.0;0
924;106;2014;1.7;28.2;39.8;0.0;0
925;106;2015;1.8;28.6;39.7;0.0;0
926;106;2016;1.9;27.7;39.0;0.0;0
927;106;2017;1.8;27.0;38.2;0.0;0
928;106;2018;1.9;27.6;38.6;0.0;0
929;107;1986;2.9;24.7;32.5;0.0;0
930;107;1987;2.3;25.5;34.5;0.0;0
931;107;1989;3.1;25.1;32.6;0.0;0
932;107;1991;3.0;24.0;31.5;0.0;0
933;107;1993;2.0;26.2;35.5;0.0;0
934;107;1995;2.1;26.2;35.2;0.0;0
935;107;1998;1.8;27.6;36.7;0.0;0
936;107;2000;2.1;26.4;35.3;0.0;0
937;107;2003;2.3;26.7;34.9;18.9;0
938;107;2004;2.4;26.3;34.3;19.2;14
939;107;2005;2.4;25.5;33.8;19.3;10
940;107;2006;2.5;25.6;33.7;19.5;14
941;107;2007;2.5;24.9;32.9;18.9;13
942;107;2008;2.4;25.7;33.8;18.4;0
943;107;2009;2.3;25.4;33.8;18.7;0
944;107;2010;2.1;26.2;34.7;19.8;0
945;107;2011;2.1;26.4;35.1;19.5;0
946;107;2012;2.0;26.4;35.2;19.3;0
947;107;2013;2.0;25.9;34.9;19.4;0
948;107;2014;2.0;25.5;34.7;19.9;0
949;107;2015;1.7;25.8;35.4;20.6;0
950;107;2016;1.9;26.0;35.2;20.3;0
951;107;2017;1.9;26.7;35.9;20.3;0
952;107;2018;1.9;25.9;35.2;20.1;0
953;108;1988;2.1;33.7;43.2;0.0;0
954;108;1990;2.5;32.1;41.1;28.4;0
955;108;1993;2.7;27.4;35.7;24.4;0
956;108;1996;2.5;32.7;40.4;26.1;0
957;108;1999;2.0;35.0;44.1;16.9;0
958;108;2002;1.8;38.0;48.3;19.7;0
959;108;2004;2.1;35.8;45.5;16.9;0
960;109;1986;3.1;28.1;36.1;0.0;0
961;109;1992;2.5;35.0;43.4;0.0;0
962;109;1997;3.3;29.8;36.4;0.0;0
963;109;2002;3.0;29.5;37.0;0.0;0
964;109;2006;3.3;27.5;33.9;0.0;0
965;109;2008;3.6;26.6;32.6;0.0;0
966;109;2010;3.5;27.5;33.7;0.0;0
967;110;2008;2.3;26.1;34.8;0.0;0
968;110;2010;3.3;25.7;32.1;0.0;0
969;110;2013;2.9;26.4;32.9;0.0;0
970;111;1996;2.7;26.3;35.4;0.0;0
971;111;2001;2.6;27.1;36.0;0.0;0
972;111;2002;3.0;26.8;34.8;0.0;0
973;111;2003;3.1;25.8;33.7;0.0;0
974;111;2004;3.4;25.1;31.8;0.0;0
975;111;2005;2.3;29.7;39.8;0.0;3
976;111;2006;3.7;24.9;30.2;0.0;2
977;111;2007;3.8;24.6;30.1;0.0;5
978;111;2008;4.0;23.6;28.5;0.0;0
979;111;2009;4.0;23.1;28.2;0.0;0
980;111;2010;4.1;23.1;28.0;0.0;0
981;111;2011;4.1;23.0;28.0;0.0;0
982;111;2012;4.1;22.9;28.2;0.0;0
983;111;2013;4.3;22.5;27.1;0.0;0
984;111;2014;4.3;22.6;27.0;0.0;0
985;111;2015;4.3;22.6;26.8;0.0;0
986;111;2016;4.2;22.7;27.2;0.0;0
987;111;2017;4.3;23.0;27.5;0.0;0
988;111;2018;4.3;23.4;27.8;4.3;0
989;112;1992;1.2;47.9;57.5;0.0;0
990;112;1994;1.9;33.4;43.1;0.0;0
991;112;1997;2.3;36.3;45.0;0.0;0
992;112;2005;1.8;36.8;46.5;46.8;0
993;112;2015;2.4;31.6;40.8;36.1;0
994;113;2000;3.6;24.8;31.0;0.0;0
995;113;2001;3.7;23.9;30.2;0.0;0
996;113;2002;3.6;24.0;30.3;0.0;0
997;113;2003;3.9;23.3;28.7;0.0;0
998;113;2004;3.2;27.2;34.8;0.0;0
999;113;2005;3.5;26.2;32.6;0.0;0
1000;113;2006;3.1;29.4;37.4;39.9;0
1001;113;2007;3.1;26.5;33.9;35.0;0
1002;113;2008;3.5;25.3;31.5;31.7;0
1003;113;2009;3.9;24.6;29.9;31.7;0
1004;113;2010;3.5;24.6;30.1;33.7;0
1005;113;2011;4.2;23.5;27.8;36.8;0
1006;113;2012;4.0;23.1;27.4;38.0;0
1007;113;2013;4.0;23.8;28.8;37.0;0
1008;113;2014;4.4;22.9;26.8;30.6;0
1009;113;2015;4.1;24.8;29.0;32.1;0
1010;113;2016;4.4;22.9;26.8;25.4;0
1011;113;2017;4.3;23.3;27.3;25.6;0
1012;113;2018;4.3;23.6;27.7;22.4;0
1013;113;2019;4.1;25.8;29.7;20.1;0
1014;113;2020;4.0;24.0;29.0;25.3;0
1015;115;2006;2.6;29.3;37.0;0.0;0
1016;115;2019;4.0;22.9;27.8;0.0;0
1017;117;2006;2.7;24.0;31.7;0.0;4
1018;117;2008;2.6;24.5;32.3;0.0;0
1019;117;2010;2.6;24.2;32.0;0.0;0
1020;117;2012;2.6;23.8;31.6;0.0;0
1021;117;2014;2.8;23.6;31.2;0.0;0
1022;117;2016;2.8;24.0;31.4;0.0;0
1023;119;1992;3.5;28.1;34.3;0.0;0
1024;119;1997;3.4;29.1;34.9;0.0;0
1025;119;2002;3.7;27.0;32.6;0.0;0
1026;119;2007;3.3;29.3;35.4;0.0;0
1027;119;2012;3.2;29.0;36.0;0.0;0
1028;119;2018;3.0;31.2;38.8;18.3;0
1029;120;2011;3.1;24.8;31.8;27.4;0
1030;121;2007;2.4;28.3;36.5;63.8;0
1031;121;2014;3.2;26.0;33.2;54.1;0
1032;121;2016;2.9;27.1;35.3;50.9;0
1033;123;1995;2.0;32.5;42.6;0.0;0
1034;123;2016;0.9;38.6;51.2;25.0;0
1035;125;1985;3.6;26.4;32.5;0.0;0
1036;125;1990;3.7;27.5;32.4;0.0;0
1037;125;1995;3.4;29.0;35.4;0.0;0
1038;125;2002;3.0;32.7;40.2;22.7;0
1039;125;2006;3.0;32.3;39.7;15.2;0
1040;125;2009;3.3;29.6;36.1;8.9;0
1041;125;2012;3.0;31.9;38.7;6.7;0
1042;125;2016;3.0;32.6;39.3;4.1;0
1043;126;1986;1.0;43.6;56.0;0.0;0
1044;126;1994;0.5;48.3;63.2;0.0;0
1045;126;2002;0.9;38.3;51.6;56.6;0
1046;126;2017;1.7;32.9;44.9;49.7;0
1047;127;2004;2.0;27.9;37.0;0.0;0
1048;127;2005;2.2;27.2;35.3;0.0;0
1049;127;2006;2.3;26.8;34.4;0.0;0
1050;127;2007;2.4;26.8;34.8;0.0;0
1051;127;2008;2.3;27.6;35.7;0.0;0
1052;127;2009;1.8;27.6;37.2;0.0;0
1053;127;2010;2.2;24.8;33.6;0.0;0
1054;127;2011;2.6;24.5;32.5;0.0;0
1055;127;2012;2.4;26.8;35.1;0.0;0
1056;127;2013;2.5;27.1;35.3;0.0;0
1057;127;2014;2.1;28.9;37.7;0.0;0
1058;127;2015;2.1;28.6;37.4;21.9;0
1059;127;2016;2.0;29.5;38.4;22.9;0
1060;127;2017;2.1;28.4;37.3;22.9;0
1061;127;2018;2.3;27.2;35.7;20.6;0
1062;127;2019;2.6;27.5;35.3;20.9;0
1063;128;1985;4.0;21.5;26.7;0.0;0
1064;128;1991;4.2;22.2;26.8;0.0;0
1065;128;1994;4.1;21.9;26.9;0.0;0
1066;128;1997;3.4;23.8;30.2;0.0;0
1067;128;2000;3.5;23.9;30.4;0.0;0
1068;128;2003;3.3;23.7;30.2;0.0;0
1069;128;2004;3.3;23.7;30.2;0.0;0
1070;128;2005;3.3;24.3;30.8;0.0;0
1071;128;2006;3.3;24.3;30.9;0.0;0
1072;128;2007;3.3;25.1;31.1;0.0;0
1073;128;2008;3.2;25.8;32.6;0.0;0
1074;128;2009;3.3;24.2;31.2;0.0;0
1075;128;2010;3.3;23.7;30.5;0.0;0
1076;128;2011;3.2;24.4;32.1;0.0;0
1077;128;2012;3.0;26.4;34.3;0.0;0
1078;128;2013;3.1;24.2;32.0;0.0;0
1079;128;2014;3.2;24.3;31.2;0.0;0
1080;128;2015;2.9;25.1;32.9;0.0;0
1081;128;2016;2.9;24.1;31.7;0.0;0
1082;128;2017;2.5;25.6;34.5;0.0;0
1083;128;2018;2.5;26.6;35.4;0.0;0
1084;128;2019;2.8;25.8;34.2;17.4;0
1085;129;2004;2.2;28.5;36.4;0.0;0
1086;129;2005;2.0;30.0;39.0;0.0;0
1087;129;2006;2.4;26.8;35.6;0.0;0
1088;129;2007;2.3;28.3;37.5;0.0;0
1089;129;2008;2.1;27.7;37.2;0.0;0
1090;129;2009;1.9;26.9;36.0;0.0;0
1091;129;2010;2.1;26.2;35.0;0.0;0
1092;129;2011;2.3;27.3;35.8;0.0;0
1093;129;2012;2.3;26.6;35.2;0.0;0
1094;129;2013;2.3;26.8;35.5;0.0;0
1095;129;2014;2.3;26.7;35.1;0.0;0
1096;129;2015;2.5;26.2;34.2;21.8;0
1097;129;2016;2.5;25.8;34.3;22.1;0
1098;129;2017;2.3;26.9;35.6;23.3;0
1099;129;2018;2.5;26.9;35.1;22.9;0
1100;129;2019;2.6;26.6;34.5;21.6;0
1101;131;1984;2.7;31.8;39.2;0.0;0
1102;131;1990;2.7;30.7;39.2;0.0;0
1103;131;1998;2.6;30.8;39.4;16.3;0
1104;131;2000;2.6;32.1;40.6;15.3;0
1105;131;2006;2.6;33.1;40.7;8.9;0
1106;131;2013;2.7;31.9;39.5;4.8;0
1107;133;1997;2.4;28.1;36.9;0.0;0
1108;133;1998;2.2;30.1;39.5;0.0;0
1109;133;1999;2.3;34.4;42.6;0.0;0
1110;133;2000;2.7;28.5;36.4;0.0;0
1111;133;2001;2.6;29.8;38.0;0.0;0
1112;133;2002;2.8;27.5;35.8;0.0;0
1113;133;2003;3.1;27.7;34.9;0.0;0
1114;133;2004;3.0;27.7;35.0;0.0;0
1115;133;2005;2.8;28.4;36.3;0.0;0
1116;133;2006;2.8;27.4;35.4;0.0;0
1117;133;2007;3.0;26.8;34.4;0.0;0
1118;133;2008;2.9;27.1;34.7;0.0;0
1119;133;2009;3.1;25.0;32.9;0.0;0
1120;133;2010;3.3;25.4;32.1;0.0;0
1121;133;2011;3.5;24.5;30.6;0.0;0
1122;133;2012;3.8;23.6;29.2;0.0;0
1123;133;2013;3.9;23.3;28.5;0.0;0
1124;133;2014;4.2;22.1;26.8;0.0;0
1125;133;2015;4.1;22.5;27.0;0.0;0
1126;133;2016;4.3;22.7;26.3;0.0;0
1127;133;2017;4.3;21.7;25.9;0.0;0
1128;133;2018;4.4;22.0;25.7;0.0;0
1129;133;2019;4.3;22.0;26.0;25.2;0
1130;134;1980;2.0;37.0;46.8;0.0;0
1131;134;1993;2.0;37.0;45.3;0.0;0
1132;134;1997;2.3;30.1;39.5;0.0;0
1133;134;1999;2.5;28.9;38.6;0.0;0
1134;134;2001;1.9;36.6;47.4;70.8;0
1135;134;2005;2.7;32.4;39.9;73.2;0
1136;134;2010;2.4;34.3;42.4;71.7;0
1137;134;2012;2.2;33.5;42.6;70.7;0
1138;135;2002;2.7;34.8;41.3;0.0;0
1139;135;2009;2.5;29.9;38.4;0.0;0
1140;135;2016;3.4;25.2;31.3;0.0;0
1141;135;2019;3.8;23.3;29.3;5.4;0
1142;136;1989;1.4;40.6;50.6;0.0;0
1143;136;1992;1.4;42.2;52.6;0.0;0
1144;136;1994;1.4;42.3;52.8;0.0;0
1145;136;1996;1.0;42.1;53.6;0.0;0
1146;136;1998;1.3;40.4;51.7;0.0;0
1147;136;2000;1.3;42.0;52.6;0.0;0
1148;136;2002;1.5;39.6;50.1;0.0;0
1149;136;2004;1.5;39.6;50.0;0.0;11
1150;136;2005;1.4;39.6;50.1;0.0;10
1151;136;2006;1.6;38.9;48.9;0.0;10
1152;136;2008;1.4;39.1;49.9;0.0;0
1153;136;2010;1.6;37.1;47.2;0.0;0
1154;136;2012;1.6;38.9;48.7;0.0;0
1155;136;2014;1.7;39.5;48.7;0.0;0
1156;136;2016;1.7;37.8;47.7;0.0;0
1157;136;2018;1.8;37.1;46.7;41.9;0
1158;136;2020;1.8;35.5;45.4;43.9;0
1159;137;2019;2.8;27.5;35.5;0.0;0
1160;138;2009;1.2;30.7;42.8;27.0;0
1161;138;2010;0.8;27.1;40.2;26.8;0
1162;138;2011;1.2;26.9;39.4;26.2;0
1163;138;2012;1.5;26.5;38.1;24.2;0
1164;138;2013;1.8;25.4;36.2;22.1;0
1165;138;2014;1.8;24.9;35.2;21.5;0
1166;138;2015;1.7;24.8;35.6;21.9;0
1167;138;2016;1.8;24.1;34.5;22.2;0
1168;138;2017;1.7;23.8;34.2;21.9;0
1169;138;2018;2.0;23.0;33.0;21.6;0
1170;139;1994;1.7;40.4;50.4;0.0;0
1171;139;2001;2.5;30.1;39.9;50.9;0
1172;139;2006;2.5;30.2;38.9;41.7;0
1173;139;2009;3.3;25.7;33.0;41.1;0
1174;139;2018;3.1;28.2;36.1;43.8;0
1175;140;2006;3.4;22.1;28.0;15.1;0
1176;140;2007;3.2;22.6;29.2;15.3;0
1177;140;2008;3.5;22.5;29.0;14.9;0
1178;140;2009;3.2;23.8;30.2;15.5;0
1179;140;2010;3.4;22.7;29.0;15.6;0
1180;140;2011;3.5;23.2;29.1;15.1;0
1181;140;2012;3.4;23.4;29.4;15.8;0
1182;140;2013;3.5;23.2;28.8;15.8;0
1183;140;2014;3.5;23.3;29.0;16.6;0
1184;140;2015;3.4;23.6;29.4;16.5;0
1185;140;2016;3.5;23.1;29.1;16.7;0
1186;140;2017;3.4;23.3;29.2;16.8;0
1187;140;2018;3.4;22.9;28.7;17.1;0
1188;140;2019;3.1;24.8;31.0;16.9;0
1189;141;2015;3.0;31.7;38.1;32.1;0
1190;141;2017;3.8;25.5;30.7;24.8;0
1191;142;1995;3.1;25.0;33.2;0.0;0
1192;142;1998;3.0;22.9;30.3;0.0;0
1193;142;2002;3.0;24.6;32.9;0.0;0
1194;142;2007;3.0;27.8;35.8;0.0;0
1195;142;2010;3.2;25.7;33.1;38.8;0
1196;142;2011;3.2;26.6;33.9;33.7;0
1197;142;2012;3.1;26.2;33.8;27.4;0
1198;142;2014;3.3;25.5;32.0;21.6;0
1199;142;2016;3.3;25.6;32.3;29.6;0
1200;142;2018;3.3;25.7;32.7;28.4;0
1201;144;1996;1.5;43.8;53.6;69.4;0
1202;144;2002;2.1;39.4;47.0;54.1;0
1203;144;2008;1.9;36.8;45.6;54.7;0
1204;144;2014;1.6;45.5;54.0;46.1;0
1205;145;1987;1.4;32.0;43.9;0.0;0
1206;145;1993;2.0;42.5;50.1;0.0;0
1207;145;1995;2.4;28.7;37.7;0.0;0
1208;145;2000;2.5;29.5;39.0;51.0;0
1209;145;2004;2.6;32.6;40.2;46.7;0
1210;145;2008;2.6;26.2;35.7;42.0;0
1211;145;2014;3.0;24.9;32.6;31.0;0
1212;148;2006;3.1;28.7;35.7;0.0;0
1213;148;2012;2.8;31.6;38.5;7.9;0
1214;148;2017;2.9;29.9;36.8;10.3;0
1215;149;1997;1.6;61.5;65.8;65.3;0
1216;149;2004;2.9;32.8;39.9;52.4;0
1217;149;2010;2.2;36.9;45.5;50.7;0
1218;149;2016;2.6;38.1;44.7;51.5;0
1219;149;2019;2.9;31.0;38.5;50.7;0
1220;150;1984;1.8;38.5;48.6;0.0;0
1221;150;1987;2.0;36.9;47.0;0.0;0
1222;150;1989;2.1;36.4;46.2;0.0;0
1223;150;1992;1.9;37.0;47.7;0.0;0
1224;150;1995;1.8;37.9;48.5;0.0;0
1225;150;1997;1.7;38.4;49.1;0.0;0
1226;150;2003;1.8;35.1;46.4;0.0;0
1227;150;2006;1.9;33.8;44.8;0.0;8
1228;150;2008;1.8;34.2;45.5;0.0;0
1229;150;2011;2.0;33.2;43.9;0.0;0
1230;150;2013;2.3;31.8;41.3;0.0;0
1231;150;2015;2.3;31.3;41.1;7.6;0
1232;152;2003;1.1;54.8;63.3;37.7;0
1233;152;2009;1.3;51.8;61.0;28.7;0
1234;152;2015;1.0;47.3;59.1;17.4;0
1235;154;1992;3.0;29.4;36.1;0.0;0
1236;154;1994;2.4;32.5;41.5;0.0;0
1237;154;2005;2.3;36.2;44.4;0.0;0
1238;154;2007;3.2;31.4;37.3;0.0;0
1239;154;2011;3.8;26.4;31.5;0.0;0
1240;154;2014;3.2;27.0;34.3;0.0;0
1241;154;2018;3.2;31.1;37.3;40.8;0
1242;156;1985;2.5;28.2;38.7;0.0;0
1243;156;1992;1.3;31.4;45.0;0.0;0
1244;156;1996;1.3;40.7;51.9;0.0;0
1245;156;2003;2.1;29.8;40.1;0.0;0
1246;156;2010;2.9;26.8;35.7;0.0;0
1247;156;2012;2.9;26.7;35.5;0.0;0
1248;156;2015;2.8;26.9;35.9;0.0;0
1249;156;2018;2.9;26.7;35.1;40.1;0
1250;157;1993;0.5;44.2;57.4;0.0;0
1251;157;1998;0.9;43.4;54.4;0.0;0
1252;157;2001;1.4;42.9;52.9;45.8;0
1253;157;2005;1.9;39.6;48.8;48.3;0
1254;157;2009;2.0;34.2;43.9;42.5;0
1255;157;2014;2.0;37.2;46.2;29.6;0
1256;159;1983;3.2;22.6;28.4;0.0;0
1257;159;1987;4.1;22.0;26.8;0.0;0
1258;159;1990;3.2;24.5;31.1;0.0;0
1259;159;1993;2.7;22.8;30.4;0.0;0
1260;159;1999;3.7;21.8;28.1;0.0;0
1261;159;2004;3.2;23.7;29.8;0.0;4
1262;159;2005;3.5;23.4;29.0;0.0;4
1263;159;2006;3.5;24.7;30.0;0.0;4
1264;159;2007;3.5;24.1;29.6;0.0;4
1265;159;2008;3.4;23.7;29.3;0.0;0
1266;159;2009;3.6;22.4;27.9;0.0;0
1267;159;2010;3.6;22.4;27.8;0.0;0
1268;159;2011;3.6;22.6;27.8;0.0;0
1269;159;2012;3.7;22.5;27.6;0.0;0
1270;159;2013;3.5;22.8;28.1;0.0;0
1271;159;2014;3.5;23.3;28.6;0.0;0
1272;159;2015;3.5;23.0;28.2;12.7;0
1273;159;2016;3.5;22.9;28.2;13.2;0
1274;159;2017;3.5;23.3;28.5;13.3;0
1275;159;2018;3.5;23.0;28.1;13.2;0
1276;159;2019;3.4;23.9;29.2;13.4;0
1277;160;1979;3.9;21.8;26.9;0.0;0
1278;160;1986;4.3;20.5;24.6;0.0;0
1279;160;1991;4.1;21.2;25.2;0.0;0
1280;160;1995;3.9;21.7;26.0;0.0;0
1281;160;2000;4.0;23.2;27.4;0.0;0
1282;160;2003;3.8;23.3;27.6;10.8;0
1283;160;2004;3.5;27.2;31.6;11.4;4
1284;160;2005;3.5;26.3;30.6;12.0;4
1285;160;2006;3.5;21.2;26.4;11.9;4
1286;160;2007;3.6;22.2;27.1;11.4;4
1287;160;2008;3.5;21.8;27.0;11.7;0
1288;160;2009;3.7;21.3;26.2;11.2;0
1289;160;2010;3.7;21.0;25.7;10.5;0
1290;160;2011;3.8;20.5;25.3;10.0;0
1291;160;2012;3.7;20.9;25.7;10.9;0
1292;160;2013;3.7;21.3;26.4;10.9;0
1293;160;2014;3.5;21.6;26.8;11.9;0
1294;160;2015;3.5;22.3;27.5;12.2;0
1295;160;2016;3.2;23.1;28.5;12.3;0
1296;160;2017;3.3;21.6;27.0;12.9;0
1297;160;2018;3.4;22.2;27.6;12.7;0
1298;160;2019;3.4;22.4;27.7;12.7;0
1299;161;1995;3.2;29.0;35.2;0.0;0
1300;161;2003;2.7;36.9;43.8;0.0;0
1301;161;2010;3.5;26.4;32.8;25.2;0
1302;162;2012;3.0;27.3;34.8;0.0;0
1303;165;1987;3.5;27.6;33.3;0.0;0
1304;165;1990;3.4;27.1;33.2;0.0;0
1305;165;1996;4.4;25.2;28.7;0.0;0
1306;165;1998;3.7;28.5;33.1;0.0;0
1307;165;2001;4.3;24.9;28.7;64.3;0
1308;165;2004;3.9;26.3;30.9;51.7;0
1309;165;2005;4.1;27.1;31.3;50.4;0
1310;165;2007;4.3;25.7;29.7;44.1;0
1311;165;2010;4.3;25.1;28.8;36.8;0
1312;165;2011;4.3;25.8;29.7;36.3;0
1313;165;2013;4.2;25.3;29.5;29.5;0
1314;165;2015;4.1;27.0;31.3;24.3;0
1315;165;2018;4.2;25.5;29.6;21.9;0
1316;166;1979;1.5;36.0;48.7;0.0;0
1317;166;1989;0.0;42.9;58.9;0.0;0
1318;166;1991;0.1;42.5;58.2;0.0;0
1319;166;1995;0.1;43.2;57.8;0.0;0
1320;166;1997;0.3;44.1;58.2;0.0;0
1321;166;1998;0.2;43.4;57.5;0.0;0
1322;166;1999;0.3;42.5;56.5;0.0;0
1323;166;2000;0.5;43.2;56.6;37.9;0
1324;166;2001;0.5;42.6;56.7;0.0;0
1325;166;2002;0.8;43.0;56.1;0.0;0
1326;166;2003;0.7;42.2;55.7;0.0;0
1327;166;2004;0.8;41.3;54.8;0.0;0
1328;166;2005;0.8;40.2;53.8;36.6;0
1329;166;2006;0.7;41.1;54.6;38.3;0
1330;166;2007;1.0;39.7;52.7;36.5;0
1331;166;2008;1.0;40.7;52.7;33.8;0
1332;166;2009;1.2;40.1;51.8;33.4;0
1333;166;2010;1.1;39.7;51.6;29.8;0
1334;166;2011;1.1;39.7;51.3;27.6;0
1335;166;2012;1.0;39.7;51.7;26.5;0
1336;166;2013;1.1;39.6;51.5;25.8;0
1337;166;2014;1.0;38.5;50.5;25.6;0
1338;166;2015;1.1;39.0;50.8;23.0;0
1339;166;2016;1.1;37.9;50.4;22.1;0
1340;166;2017;1.1;37.7;49.9;20.7;0
1341;166;2018;1.2;37.1;49.2;21.4;0
1342;166;2019;1.2;38.0;49.8;21.5;0
1343;168;1997;1.0;40.8;53.3;0.0;0
1344;168;1998;0.9;43.6;55.1;0.0;0
1345;168;1999;0.9;43.6;54.8;0.0;0
1346;168;2000;1.2;36.8;49.1;0.0;0
1347;168;2001;1.1;39.1;51.3;0.0;0
1348;168;2002;1.1;42.1;53.6;0.0;0
1349;168;2003;1.3;42.2;53.1;0.0;0
1350;168;2004;1.3;38.0;49.9;58.7;0
1351;168;2005;1.2;38.5;50.5;55.6;0
1352;168;2006;1.2;38.2;50.3;49.2;0
1353;168;2007;1.2;37.8;50.0;42.4;0
1354;168;2008;1.3;35.4;47.5;37.3;0
1355;168;2009;1.4;35.2;47.0;33.5;0
1356;168;2010;1.5;34.2;45.5;30.8;0
1357;168;2011;1.5;33.5;44.7;27.8;0
1358;168;2012;1.5;33.3;44.4;25.8;0
1359;168;2013;1.6;32.7;43.9;23.9;0
1360;168;2014;1.6;32.1;43.1;22.7;0
1361;168;2015;1.6;32.6;43.4;21.8;0
1362;168;2016;1.6;32.6;43.6;20.7;0
1363;168;2017;1.7;32.3;43.3;21.7;0
1364;168;2018;1.8;31.6;42.4;20.5;0
1365;168;2019;1.9;31.1;41.6;20.2;0
1366;168;2020;1.7;32.9;43.8;30.1;0
1367;169;2000;2.1;37.7;47.7;0.0;0
1368;169;2003;2.1;36.6;46.6;24.9;0
1369;169;2006;2.0;36.6;47.2;26.6;3
1370;169;2009;2.2;36.3;46.3;26.3;0
1371;169;2012;2.1;36.3;46.5;25.2;0
1372;169;2015;2.3;34.9;44.6;23.5;0
1373;169;2018;2.5;33.5;42.3;16.7;0
1374;171;1996;1.9;34.5;45.8;0.0;0
1375;171;2009;1.9;31.0;41.9;39.9;0
1376;172;2004;1.9;28.2;38.0;20.5;0
1377;172;2005;2.4;26.8;35.8;19.1;2
1378;172;2006;2.6;26.4;34.7;17.3;3
1379;172;2007;2.7;26.4;34.0;16.9;5
1380;172;2008;2.8;26.1;33.5;17.1;0
1381;172;2009;2.8;25.8;33.4;17.6;0
1382;172;2010;2.8;25.8;33.2;17.7;0
1383;172;2011;2.8;25.5;33.2;17.1;0
1384;172;2012;2.8;25.3;33.0;17.3;0
1385;172;2013;2.7;25.4;33.1;17.0;0
1386;172;2014;2.7;25.2;32.8;17.6;0
1387;172;2015;2.8;24.2;31.8;17.3;0
1388;172;2016;3.0;24.6;31.2;15.0;0
1389;172;2017;3.2;23.5;29.7;14.8;0
1390;172;2018;3.2;24.0;30.2;15.4;0
1391;175;2003;2.3;30.2;38.8;20.4;0
1392;175;2004;2.4;30.9;38.9;19.4;2
1393;175;2005;2.4;30.6;38.5;18.5;1
1394;175;2006;2.5;29.7;38.1;18.1;1
1395;175;2007;2.6;28.9;36.8;18.5;1
1396;175;2008;2.6;28.9;36.6;17.9;0
1397;175;2009;2.7;27.5;34.9;17.9;0
1398;175;2010;2.7;28.3;35.8;18.0;0
1399;175;2011;2.5;28.7;36.3;17.9;0
1400;175;2012;2.2;27.8;36.0;18.7;0
1401;175;2013;2.1;27.5;36.2;19.5;0
1402;175;2014;2.3;27.4;35.6;19.5;0
1403;175;2015;2.4;27.3;35.5;19.0;0
1404;175;2016;2.4;27.6;35.2;18.3;0
1405;175;2017;2.7;26.7;33.8;17.3;0
1406;175;2018;2.8;26.6;33.5;17.2;0
1407;175;2019;2.8;26.0;32.8;16.2;0
1408;176;1990;2.2;30.8;40.8;0.0;0
1409;176;1995;0.7;46.1;58.2;0.0;0
1410;176;1997;0.7;41.4;54.9;0.0;0
1411;176;1999;0.9;42.1;54.6;0.0;0
1412;176;2001;1.0;43.1;54.6;0.0;0
1413;176;2002;1.0;46.2;57.3;57.7;0
1414;176;2003;1.2;44.1;54.9;51.4;0
1415;176;2004;1.4;42.0;52.3;48.8;0
1416;176;2005;1.3;40.4;51.4;44.9;0
1417;176;2006;1.3;42.4;53.0;48.9;0
1418;176;2007;1.2;42.5;53.0;45.3;0
1419;176;2008;1.5;40.1;50.7;43.2;0
1420;176;2009;1.4;38.1;49.1;41.6;0
1421;176;2010;1.3;40.5;51.0;39.0;0
1422;176;2011;1.2;41.4;52.3;37.0;0
1423;176;2012;1.5;36.9;47.6;31.4;0
1424;176;2013;1.6;37.3;47.9;28.0;0
1425;176;2014;1.4;40.7;50.7;27.2;0
1426;176;2015;1.6;36.7;47.6;26.6;0
1427;176;2016;1.6;37.3;47.9;28.9;0
1428;176;2017;1.8;39.1;48.5;26.4;0
1429;176;2018;1.7;35.8;46.0;24.2;0
1430;176;2019;1.8;35.2;45.7;23.5;0
1431;176;2020;2.0;33.3;43.5;26.9;0
1432;177;2004;3.0;26.5;34.0;0.0;0
1433;177;2005;2.9;26.7;34.7;0.0;0
1434;177;2006;3.2;27.1;34.0;0.0;0
1435;177;2007;2.8;27.6;35.6;0.0;0
1436;177;2009;3.2;27.4;34.5;0.0;0
1437;177;2010;3.1;27.8;35.3;25.7;0
1438;177;2011;3.1;27.2;34.4;25.8;0
1439;177;2016;2.9;25.2;33.7;29.2;0
1440;181;2006;1.7;29.0;39.6;0.0;0
1441;181;2007;1.9;27.4;37.5;0.0;1
1442;181;2008;1.9;26.5;36.4;0.0;0
1443;181;2009;2.1;25.7;35.6;0.0;0
1444;181;2010;1.9;25.0;35.5;0.0;0
1445;181;2011;1.8;24.9;35.9;0.0;0
1446;181;2012;1.7;25.5;36.5;0.0;0
1447;181;2013;1.6;25.4;36.9;0.0;0
1448;181;2014;1.5;24.5;36.0;0.0;0
1449;181;2015;1.6;24.8;35.9;0.0;0
1450;181;2016;1.8;23.7;34.4;0.0;0
1451;181;2017;1.6;24.9;36.0;0.0;0
1452;181;2018;1.6;24.9;35.8;0.0;0
1453;181;2019;1.7;24.5;34.8;23.4;0
1454;182;1997;2.4;29.4;38.4;0.0;0
1455;182;1998;2.4;28.6;38.1;0.0;0
1456;182;1999;2.4;27.7;37.4;0.0;0
1457;182;2000;2.5;27.6;37.1;29.0;0
1458;182;2001;2.6;27.9;36.9;0.0;0
1459;182;2002;2.6;28.1;37.3;24.6;0
1460;182;2003;2.4;30.3;40.0;20.3;0
1461;182;2004;2.3;30.5;40.3;17.6;25
1462;182;2005;2.3;31.4;41.3;17.8;27
1463;182;2006;2.3;31.3;41.0;15.2;33
1464;182;2007;2.3;32.8;42.3;13.3;53
1465;182;2008;2.4;32.5;41.6;13.4;0
1466;182;2009;2.6;31.1;39.8;13.0;0
1467;182;2010;2.5;30.6;39.5;12.5;0
1468;182;2011;2.6;31.1;39.7;12.7;0
1469;182;2012;2.5;32.2;40.7;10.7;0
1470;182;2013;2.6;32.4;40.9;10.8;0
1471;182;2014;2.6;31.9;39.9;11.2;0
1472;182;2015;2.8;29.7;37.7;13.3;0
1473;182;2016;2.8;28.6;36.8;13.3;0
1474;182;2017;2.9;29.2;37.2;13.2;0
1475;182;2018;2.9;29.9;37.5;12.6;0
1476;182;2019;2.9;30.2;37.7;12.3;0
1477;182;2020;3.1;29.0;36.0;12.1;0
1478;183;2000;2.0;40.8;48.5;0.0;0
1479;183;2005;1.7;43.9;52.0;0.0;0
1480;183;2010;2.3;39.8;47.2;0.0;0
1481;183;2013;2.4;37.9;45.1;39.1;0
1482;183;2016;2.4;35.6;43.7;38.2;0
1483;185;2009;2.6;26.7;35.4;46.5;0
1484;185;2014;3.2;27.8;34.2;0.0;0
1485;186;1991;1.4;42.8;54.1;0.0;0
1486;186;1994;2.6;33.9;41.4;0.0;0
1487;186;2001;2.7;33.4;41.2;55.2;0
1488;186;2005;2.4;30.0;39.2;48.3;0
1489;186;2011;2.3;31.0;40.3;46.7;0
1490;186;2018;3.0;30.5;38.1;0.0;0
1491;191;2005;1.9;35.7;46.1;22.7;0
1492;191;2012;2.8;29.2;37.1;12.7;0
1493;192;2003;2.7;32.0;40.2;0.0;0
1494;192;2011;3.3;26.9;34.0;0.0;0
1495;192;2018;3.4;29.4;35.7;56.8;0
1496;193;1991;0.6;41.4;54.0;0.0;0
1497;193;1995;1.1;38.8;49.9;0.0;0
1498;193;1996;1.1;39.4;51.0;0.0;0
1499;193;1998;0.4;40.5;54.5;0.0;0
1500;193;1999;0.5;38.6;52.2;0.0;0
1501;193;2000;1.0;39.0;51.5;0.0;0
1502;193;2001;0.9;38.6;51.4;0.0;0
1503;193;2002;0.9;38.8;51.9;0.0;0
1504;193;2003;0.7;37.3;50.5;0.0;0
1505;193;2004;1.1;35.6;47.8;0.0;0
1506;193;2005;1.2;36.8;48.5;0.0;0
1507;193;2006;1.7;35.6;45.7;0.0;0
1508;193;2007;1.9;35.7;45.2;0.0;0
1509;193;2008;1.7;36.1;46.9;0.0;0
1510;193;2009;1.8;36.0;45.8;0.0;0
1511;193;2010;1.9;33.2;43.5;0.0;0
1512;193;2011;2.1;32.8;42.3;0.0;0
1513;193;2012;2.2;32.6;41.8;0.0;0
1514;193;2013;2.1;34.2;43.4;0.0;0
1515;193;2014;2.2;32.2;41.6;0.0;0
1516;193;2015;2.4;31.8;40.6;0.0;0
1517;193;2016;2.3;30.7;40.0;0.0;0
1518;193;2017;2.5;29.1;38.0;0.0;0
1519;193;2018;2.4;29.4;38.6;0.0;0
1520;193;2019;2.4;29.8;38.8;0.0;0
1521;197;2000;3.3;24.5;32.1;0.0;0
1522;197;2010;3.5;24.2;30.8;0.0;0
1523;197;2017;2.6;32.9;40.7;0.0;0
1524;199;2004;3.3;22.1;27.1;13.3;0
1525;199;2005;3.4;24.9;29.3;11.6;0
1526;199;2006;3.6;21.8;25.8;10.6;0
1527;199;2007;3.6;20.8;24.7;10.9;0
1528;199;2008;3.4;21.4;26.0;11.0;0
1529;199;2009;3.2;21.8;27.2;12.0;0
1530;199;2010;3.1;21.9;27.3;13.0;0
1531;199;2011;3.2;21.0;26.5;13.2;0
1532;199;2012;3.1;20.5;26.1;12.8;0
1533;199;2013;3.0;22.2;28.1;12.6;0
1534;199;2014;2.9;20.3;26.1;12.3;0
1535;199;2015;3.0;20.9;26.5;12.7;0
1536;199;2016;2.9;19.9;25.2;12.4;0
1537;199;2017;3.5;18.4;23.2;12.2;0
1538;199;2018;3.2;19.6;25.0;11.9;0
1539;199;2019;3.6;18.8;23.2;11.4;0
1540;200;2004;4.0;20.6;24.8;0.0;0
1541;200;2005;4.0;20.6;24.6;0.0;0
1542;200;2006;4.1;20.4;24.4;0.0;0
1543;200;2007;4.1;20.4;24.4;0.0;0
1544;200;2008;4.2;20.1;23.7;0.0;0
1545;200;2009;4.0;20.6;24.8;0.0;0
1546;200;2010;3.9;20.7;24.9;0.0;0
1547;200;2011;3.9;20.8;24.9;0.0;0
1548;200;2012;3.7;21.1;25.6;0.0;0
1549;200;2013;3.6;21.4;26.2;0.0;0
1550;200;2014;3.8;21.2;25.7;0.0;0
1551;200;2015;3.9;21.1;25.4;13.9;0
1552;200;2016;4.0;20.6;24.8;13.3;0
1553;200;2017;4.1;20.4;24.2;13.3;0
1554;200;2018;4.2;21.0;24.6;12.0;0
1555;200;2019;4.2;20.7;24.4;12.4;0
1556;201;1967;0.5;23.5;34.0;0.0;0
1557;201;1975;4.1;19.4;24.3;0.0;0
1558;201;1981;3.9;18.3;22.9;0.0;0
1559;201;1987;4.1;19.0;23.1;0.0;0
1560;201;1992;3.8;20.1;24.9;0.0;0
1561;201;1995;3.6;20.0;25.2;0.0;0
1562;201;2000;3.8;22.1;27.2;0.0;0
1563;201;2003;3.7;20.1;25.3;0.0;0
1564;201;2004;3.7;21.1;26.1;0.0;8
1565;201;2005;3.2;21.1;26.8;0.0;9
1566;201;2006;3.6;21.1;26.4;0.0;8
1567;201;2007;3.4;21.7;27.1;13.5;8
1568;201;2008;3.2;22.4;28.1;14.4;0
1569;201;2009;3.2;21.5;27.3;14.8;0
1570;201;2010;3.2;21.8;27.7;15.4;0
1571;201;2011;3.0;21.6;27.6;15.2;0
1572;201;2012;3.0;21.6;27.6;16.0;0
1573;201;2013;2.9;22.2;28.8;15.6;0
1574;201;2014;3.1;22.2;28.4;16.3;0
1575;201;2015;2.9;22.9;29.2;16.2;0
1576;201;2016;3.0;23.3;29.6;15.8;0
1577;201;2017;3.0;22.3;28.8;16.4;0
1578;201;2018;2.7;22.9;30.0;17.1;0
1579;201;2019;2.9;22.7;29.3;16.1;0
1580;202;1994;0.9;49.5;60.5;0.0;0
1581;202;2000;1.8;44.1;53.1;69.0;0
1582;202;2009;1.5;40.0;51.5;63.0;0
1583;202;2016;1.4;42.7;54.6;58.9;0
1584;203;2013;1.9;39.9;46.8;39.3;0
1585;203;2018;2.6;23.9;32.1;25.3;0
1586;204;1996;3.3;28.6;35.2;0.0;0
1587;204;2003;3.0;29.9;37.5;30.1;0
1588;206;2003;2.5;30.7;39.8;0.0;0
1589;206;2011;1.8;32.4;43.3;0.0;0
1590;206;2018;2.9;29.7;37.5;42.3;0
1591;207;2006;2.5;32.6;42.2;61.7;0
1592;207;2011;1.9;34.5;46.0;58.7;0
1593;207;2015;1.9;31.6;43.1;55.1;0
1594;207;2018;2.3;32.9;42.4;0.0;0
1595;208;1981;2.3;35.5;45.2;0.0;0
1596;208;1988;2.7;35.3;43.8;0.0;0
1597;208;1990;2.4;36.4;45.3;0.0;0
1598;208;1992;2.2;38.6;47.9;0.0;0
1599;208;1994;2.5;34.9;43.5;0.0;0
1600;208;1996;2.6;34.3;42.9;0.0;0
1601;208;1998;2.7;32.3;41.5;0.0;0
1602;208;1999;2.5;34.1;43.1;0.0;0
1603;208;2000;2.6;33.7;42.8;42.3;0
1604;208;2002;2.6;33.2;41.9;32.4;0
1605;208;2004;2.5;33.8;42.5;26.8;2
1606;208;2006;2.5;32.5;41.8;21.9;3
1607;208;2007;2.7;30.8;39.8;20.0;3
1608;208;2008;2.7;31.1;40.3;20.4;0
1609;208;2009;2.7;30.6;39.6;17.9;0
1610;208;2010;2.7;30.7;39.4;16.4;0
1611;208;2011;3.0;29.9;37.5;13.2;0
1612;208;2012;2.8;30.4;39.3;12.6;0
1613;208;2013;2.9;29.2;37.8;10.9;0
1614;208;2014;3.0;28.7;37.0;10.5;0
1615;208;2015;3.2;28.4;36.0;7.2;0
1616;208;2016;3.1;28.9;36.9;8.6;0
1617;208;2017;3.0;28.4;36.5;7.9;0
1618;208;2018;3.0;28.1;36.4;9.9;0
1619;208;2019;3.3;27.2;34.9;6.2;0
1620;208;2020;3.2;27.0;35.0;6.8;0
1621;209;1999;3.3;23.3;29.5;0.0;0
1622;209;2003;3.3;25.6;32.7;0.0;0
1623;209;2004;3.2;26.6;33.6;0.0;0
1624;209;2007;2.6;25.1;32.2;0.0;0
1625;209;2009;3.4;24.1;30.8;0.0;0
1626;209;2015;3.0;26.4;34.0;31.3;0
1627;211;1998;2.4;31.5;40.8;0.0;0
1628;212;2001;3.0;28.2;35.9;36.3;0
1629;212;2007;4.1;22.9;27.8;50.4;0
1630;212;2014;4.0;24.0;28.7;41.8;0
1631;213;2000;2.4;28.3;37.7;16.2;0
1632;213;2009;2.7;28.9;37.5;22.5;0
1633;213;2015;2.8;29.7;37.6;0.0;0
1634;214;1988;1.9;31.1;42.6;0.0;0
1635;214;1992;2.1;29.9;40.3;0.0;0
1636;215;1985;2.3;34.1;43.4;0.0;0
1637;215;1990;2.3;30.7;40.2;0.0;0
1638;215;1995;2.3;31.7;41.7;0.0;0
1639;215;2000;2.4;31.6;40.8;25.4;0
1640;215;2005;2.5;29.1;37.7;23.1;0
1641;215;2010;2.6;27.0;35.8;20.5;0
1642;215;2015;3.2;25.6;32.8;15.2;0
1643;216;1987;2.4;35.1;43.5;0.0;0
1644;216;1994;2.3;32.0;41.3;0.0;0
1645;216;2002;2.3;31.9;41.4;0.0;0
1646;216;2003;2.1;32.4;42.2;0.0;0
1647;216;2004;2.0;30.8;41.3;0.0;6
1648;216;2005;1.9;32.8;42.6;18.6;8
1649;216;2006;2.1;29.6;39.6;16.3;21
1650;216;2007;2.1;28.2;38.4;16.7;25
1651;216;2008;2.1;29.4;39.0;17.1;0
1652;216;2009;2.2;29.2;39.0;16.9;0
1653;216;2010;2.2;29.3;38.8;16.1;0
1654;216;2011;2.2;30.5;40.0;16.3;0
1655;216;2012;2.2;30.5;40.2;15.0;0
1656;216;2013;2.2;30.6;40.2;15.0;0
1657;216;2014;2.2;31.6;41.2;14.7;0
1658;216;2015;2.1;33.5;42.9;14.3;0
1659;216;2016;2.2;32.1;41.9;13.5;0
1660;216;2017;2.2;31.9;41.4;13.9;0
1661;216;2018;2.2;32.6;41.9;14.4;0
1662;216;2019;2.0;31.6;41.9;15.0;0
1663;217;2010;2.7;30.8;39.1;26.3;0
1664;219;1991;2.7;27.1;35.3;0.0;0
1665;219;2000;2.7;28.9;37.3;35.6;0
1666;219;2007;2.5;31.9;40.3;34.4;0
1667;219;2011;3.1;31.0;37.8;28.2;0
1668;219;2018;2.9;33.1;40.5;0.0;0
1669;220;1989;1.9;33.7;44.4;0.0;0
1670;220;1992;2.4;33.5;41.4;56.4;0
1671;220;1996;2.8;31.3;39.0;44.4;0
1672;220;1999;2.3;34.9;43.0;33.8;0
1673;220;2002;2.4;37.5;45.2;38.8;0
1674;220;2005;2.4;34.5;42.9;31.1;0
1675;220;2009;2.3;36.4;44.2;24.5;0
1676;220;2012;2.5;32.9;41.0;19.7;0
1677;220;2016;2.5;34.2;42.8;21.4;0
1678;220;2019;2.4;34.5;42.7;20.3;0
1679;221;1992;3.1;22.9;29.7;0.0;0
1680;221;1993;3.6;23.2;28.9;0.0;0
1681;221;1995;2.4;30.4;39.3;0.0;0
1682;221;1996;2.8;27.6;35.2;0.0;0
1683;221;2002;3.6;23.2;29.0;0.0;0
1684;221;2003;3.8;23.3;28.7;0.0;0
1685;221;2004;3.6;23.1;28.9;0.0;0
1686;221;2005;3.7;23.2;29.0;0.0;3
1687;221;2006;3.7;24.1;29.8;0.0;3
1688;221;2007;4.0;22.0;27.0;0.0;7
1689;221;2008;4.1;21.9;26.6;0.0;0
1690;221;2009;4.3;21.2;25.3;0.0;0
1691;221;2010;4.4;21.0;24.8;0.0;0
1692;221;2011;4.4;20.7;24.6;0.0;0
1693;221;2012;4.4;20.8;24.7;0.0;0
1694;221;2013;4.4;21.1;24.6;0.0;0
1695;221;2014;4.5;20.6;24.0;0.0;0
1696;221;2015;4.2;21.6;25.5;0.0;0
1697;221;2016;4.3;21.2;25.0;0.0;0
1698;221;2017;4.1;21.7;26.0;0.0;0
1699;221;2018;4.2;22.0;26.1;0.0;0
1700;221;2019;4.1;22.3;26.6;1.1;0
1701;221;2020;4.3;21.8;25.6;0.0;0
1702;223;2006;1.9;35.0;45.9;0.0;0
1703;223;2007;1.9;35.4;46.4;0.0;0
1704;223;2008;1.9;34.3;45.1;0.0;0
1705;223;2009;1.8;34.6;45.5;0.0;0
1706;223;2010;2.0;33.6;44.5;0.0;0
1707;223;2011;2.0;31.6;42.2;0.0;0
1708;223;2012;2.1;29.2;39.9;0.0;0
1709;223;2013;2.1;30.1;40.5;0.0;0
1710;223;2014;2.1;29.8;40.1;0.0;0
1711;223;2015;2.1;29.8;40.1;0.0;0
1712;223;2016;2.2;29.6;39.7;0.0;0
1713;223;2017;2.3;29.6;39.5;0.0;0
1714;223;2018;2.3;29.7;39.7;0.0;0
1715;223;2019;2.3;29.7;39.7;0.0;0
1716;223;2020;2.2;29.9;40.2;11.6;0
1717;224;1974;2.1;26.0;35.3;0.0;0
1718;224;1979;2.3;25.3;34.5;0.0;0
1719;224;1986;2.0;26.7;37.4;0.0;0
1720;224;1991;2.0;27.5;38.0;0.0;0
1721;224;1992;1.9;27.7;38.4;0.0;0
1722;224;1993;1.8;29.7;40.4;0.0;0
1723;224;1994;1.9;29.6;40.0;0.0;0
1724;224;1995;1.9;29.7;39.9;0.0;0
1725;224;1996;1.9;30.0;40.3;0.0;0
1726;224;1997;1.9;30.4;40.5;0.0;0
1727;224;1998;1.9;29.7;40.0;0.0;0
1728;224;1999;1.9;29.9;40.0;0.0;0
1729;224;2000;1.9;30.3;40.1;0.0;0
1730;224;2001;1.9;30.6;40.6;0.0;0
1731;224;2002;1.8;30.1;40.4;0.0;0
1732;224;2003;1.7;30.2;40.8;0.0;0
1733;224;2004;1.8;30.1;40.3;0.0;277
1734;224;2005;1.8;30.8;41.0;0.0;341
1735;224;2006;1.7;31.2;41.4;0.0;371
1736;224;2007;1.7;30.4;40.8;0.0;415
1737;224;2008;1.7;30.3;40.8;0.0;0
1738;224;2009;1.8;30.4;40.6;0.0;0
1739;224;2010;1.8;29.3;40.0;0.0;0
1740;224;2011;1.8;30.2;40.9;0.0;0
1741;224;2012;1.8;30.2;40.9;0.0;0
1742;224;2013;1.8;30.0;40.7;0.0;0
1743;224;2014;1.7;30.7;41.5;0.0;0
1744;224;2015;1.8;30.5;41.2;0.0;0
1745;224;2016;1.8;30.4;41.1;0.0;0
1746;224;2017;1.7;30.3;41.2;0.0;0
1747;224;2018;1.7;30.7;41.4;0.0;0
1748;224;2019;1.8;30.8;41.5;0.0;0
1749;225;1998;1.1;32.7;44.7;0.0;0
1750;225;2000;2.7;28.6;36.1;0.0;0
1751;225;2002;3.3;27.4;33.0;0.0;0
1752;225;2003;2.9;28.3;35.3;0.0;0
1753;228;1981;1.2;43.4;55.6;0.0;0
1754;228;1987;1.3;40.8;53.4;0.0;0
1755;228;1989;1.3;32.5;43.8;0.0;0
1756;228;1992;1.6;31.6;42.1;0.0;0
1757;228;1995;1.3;35.6;47.2;0.0;0
1758;228;1998;1.0;35.8;48.1;49.0;0
1759;228;1999;1.1;36.0;47.8;42.8;0
1760;228;2001;1.2;35.3;47.2;31.1;0
1761;228;2002;0.8;36.2;49.0;41.1;0
1762;228;2003;0.7;35.1;48.1;54.0;0
1763;228;2004;0.7;34.7;47.5;53.1;2
1764;228;2005;0.5;36.4;49.5;42.4;2
1765;228;2006;1.2;33.2;44.8;33.1;2
1766;231;1992;3.3;28.6;35.7;0.0;0
1767;231;1997;3.3;29.1;35.4;0.0;0
1768;231;2002;3.2;29.8;37.0;0.0;0
1769;231;2004;2.9;28.8;36.8;0.0;0
1770;231;2006;2.9;27.7;35.8;0.0;0
1771;231;2008;3.0;28.0;35.6;0.0;0
1772;231;2010;2.5;30.9;39.3;20.7;0
1773;231;2012;2.8;27.7;35.6;17.2;0
1774;231;2014;2.7;26.8;34.8;13.5;0
1775;231;2016;2.6;27.1;35.3;9.8;0
1776;231;2018;2.5;27.5;35.7;6.7;0
1777;232;2010;2.7;29.1;37.4;0.0;0
1778;232;2019;3.0;24.7;32.3;0.0;0
1779;234;2002;2.5;32.5;40.7;0.0;0
1780;234;2008;2.7;34.1;42.0;26.9;0
1781;234;2013;2.7;31.3;38.7;20.3;0
1782;235;1998;2.9;26.8;35.0;0.0;0
1783;235;2005;3.3;28.6;34.7;34.8;0
1784;235;2014;3.0;29.4;36.7;48.6;0
1785;237;1993;1.3;46.7;59.3;0.0;0
1786;237;2000;1.3;44.9;57.8;0.0;0
1787;237;2005;1.0;54.2;64.8;66.6;3
1788;237;2008;1.0;51.3;63.0;62.1;0
1789;237;2010;0.9;51.3;63.4;53.2;0
1790;237;2014;0.9;50.5;63.0;55.5;0
1791;238;1991;0.2;42.9;60.5;0.0;0
1792;238;1993;1.1;39.3;52.6;0.0;0
1793;238;1996;1.7;37.3;48.3;0.0;0
1794;238;1998;1.6;38.2;49.1;0.0;0
1795;238;2002;2.4;33.7;42.1;0.0;0
1796;238;2004;1.3;42.7;54.3;0.0;0
1797;238;2006;1.3;43.2;54.6;0.0;0
1798;238;2010;1.5;45.2;55.6;54.7;0
1799;238;2015;1.0;44.4;57.1;54.4;0
1800;239;2011;2.5;33.8;43.2;22.5;0
1801;239;2017;2.5;34.8;44.3;30.4;0
1802;198;1999;0.0;42.1;57.9;0.0;0
1803;195;2017;0.0;0.0;36.8;0.0;0
1804;239;2019;0.0;0.0;50.3;38.3;0
1805;2;2007;0.0;0.0;0.0;33.7;0
1806;2;2011;0.0;0.0;0.0;38.3;0
1807;2;2016;0.0;0.0;0.0;54.5;0
1808;16;2002;0.0;0.0;0.0;13.2;0
1809;17;2007;0.0;0.0;0.0;15.8;0
1810;17;2008;0.0;0.0;0.0;13.2;0
1811;17;2009;0.0;0.0;0.0;10.9;0
1812;17;2010;0.0;0.0;0.0;9.1;0
1813;17;2011;0.0;0.0;0.0;7.6;0
1814;17;2012;0.0;0.0;0.0;6.0;0
1815;20;2006;0.0;0.0;0.0;37.5;0
1816;20;2007;0.0;0.0;0.0;33.0;0
1817;20;2010;0.0;0.0;0.0;35.2;0
1818;20;2019;0.0;0.0;0.0;38.5;0
1819;26;2015;0.0;0.0;0.0;16.9;0
1820;40;2019;0.0;0.0;0.0;15.5;0
1821;42;2000;0.0;0.0;0.0;49.8;0
1822;42;2020;0.0;0.0;0.0;0.0;0
1823;49;2013;0.0;0.0;0.0;42.4;0
1824;57;2019;0.0;0.0;0.0;18.5;0
1825;65;1993;0.0;0.0;0.0;69.0;0
1826;73;2019;0.0;0.0;0.0;13.8;0
1827;85;2006;0.0;0.0;0.0;76.8;0
1828;86;2002;0.0;0.0;0.0;20.7;0
1829;102;2019;0.0;0.0;0.0;13.9;0
1830;108;1989;0.0;0.0;0.0;30.5;0
1831;108;1991;0.0;0.0;0.0;44.6;0
1832;108;1992;0.0;0.0;0.0;33.9;0
1833;108;1994;0.0;0.0;0.0;22.8;0
1834;108;1995;0.0;0.0;0.0;27.5;0
1835;108;1997;0.0;0.0;0.0;19.9;0
1836;108;1998;0.0;0.0;0.0;15.9;0
1837;108;2000;0.0;0.0;0.0;18.7;0
1838;108;2001;0.0;0.0;0.0;16.9;0
1839;108;2003;0.0;0.0;0.0;19.1;0
1840;108;2005;0.0;0.0;0.0;14.8;0
1841;108;2006;0.0;0.0;0.0;14.3;0
1842;108;2007;0.0;0.0;0.0;9.9;0
1843;108;2008;0.0;0.0;0.0;12.3;0
1844;108;2009;0.0;0.0;0.0;16.5;0
1845;108;2010;0.0;0.0;0.0;17.6;0
1846;108;2012;0.0;0.0;0.0;19.9;0
1847;109;2018;0.0;0.0;0.0;15.7;0
1848;111;2019;0.0;0.0;0.0;4.3;0
1849;111;2020;0.0;0.0;0.0;5.3;0
1850;114;2003;0.0;0.0;0.0;50.2;0
1851;114;2006;0.0;0.0;0.0;45.0;0
1852;114;2008;0.0;0.0;0.0;34.0;0
1853;114;2009;0.0;0.0;0.0;23.9;0
1854;114;2010;0.0;0.0;0.0;22.1;0
1855;114;2011;0.0;0.0;0.0;20.5;0
1856;114;2012;0.0;0.0;0.0;17.7;0
1857;115;2020;0.0;0.0;0.0;21.9;0
1858;133;2020;0.0;0.0;0.0;26.8;0
1859;139;2011;0.0;0.0;0.0;45.4;0
1860;139;2013;0.0;0.0;0.0;47.1;0
1861;139;2014;0.0;0.0;0.0;46.9;0
1862;139;2015;0.0;0.0;0.0;47.2;0
1863;139;2016;0.0;0.0;0.0;46.8;0
1864;139;2017;0.0;0.0;0.0;44.9;0
1865;139;2019;0.0;0.0;0.0;42.3;0
1866;139;2020;0.0;0.0;0.0;41.9;0
1867;140;2004;0.0;0.0;0.0;14.3;0
1868;140;2005;0.0;0.0;0.0;14.2;0
1869;141;2005;0.0;0.0;0.0;48.2;0
1870;141;2010;0.0;0.0;0.0;42.2;0
1871;142;2020;0.0;0.0;0.0;27.8;0
1872;150;2018;0.0;0.0;0.0;5.6;0
1873;150;2019;0.0;0.0;0.0;8.4;0
1874;152;1993;0.0;0.0;0.0;69.3;0
1875;157;2016;0.0;0.0;0.0;24.9;0
1876;160;2002;0.0;0.0;0.0;10.8;0
1877;170;2006;0.0;0.0;0.0;24.9;0
1878;172;2000;0.0;0.0;0.0;16.0;0
1879;172;2019;0.0;0.0;0.0;14.8;0
1880;193;2020;0.0;0.0;0.0;26.2;0
1881;204;2007;0.0;0.0;0.0;35.2;0
1882;209;2013;0.0;0.0;0.0;34.3;0
1883;209;2014;0.0;0.0;0.0;32.0;0
1884;209;2016;0.0;0.0;0.0;30.3;0
1885;209;2017;0.0;0.0;0.0;29.5;0
1886;209;2018;0.0;0.0;0.0;27.4;0
1887;209;2019;0.0;0.0;0.0;26.3;0
1888;216;2001;0.0;0.0;0.0;25.0;0
1889;219;2017;0.0;0.0;0.0;26.4;0
1890;225;2012;0.0;0.0;0.0;15.0;0
1891;225;2013;0.0;0.0;0.0;14.1;0
1892;228;1997;0.0;0.0;0.0;55.6;0
1893;228;2000;0.0;0.0;0.0;41.6;0
1894;228;2007;0.0;0.0;0.0;27.5;2
1895;228;2008;0.0;0.0;0.0;27.7;0
1896;228;2009;0.0;0.0;0.0;26.4;0
1897;228;2010;0.0;0.0;0.0;26.8;0
1898;228;2011;0.0;0.0;0.0;27.4;0
1899;228;2012;0.0;0.0;0.0;27.2;0
1900;228;2013;0.0;0.0;0.0;29.4;0
1901;228;2014;0.0;0.0;0.0;29.5;0
1902;228;2015;0.0;0.0;0.0;33.1;0
1903;232;2020;0.0;0.0;0.0;15.9;0
1904;239;2001;0.0;0.0;0.0;32.2;0
1905;1;2004;0.0;0.0;0.0;0.0;0
1906;1;2005;0.0;0.0;0.0;0.0;0
1907;1;2006;0.0;0.0;0.0;0.0;0
1908;1;2007;0.0;0.0;0.0;0.0;0
1909;2;2004;0.0;0.0;0.0;0.0;0
1910;2;2005;0.0;0.0;0.0;0.0;0
1911;2;2006;0.0;0.0;0.0;0.0;0
1912;3;2004;0.0;0.0;0.0;0.0;0
1913;3;2005;0.0;0.0;0.0;0.0;0
1914;3;2006;0.0;0.0;0.0;0.0;0
1915;3;2007;0.0;0.0;0.0;0.0;0
1916;5;2004;0.0;0.0;0.0;0.0;0
1917;5;2006;0.0;0.0;0.0;0.0;0
1918;5;2007;0.0;0.0;0.0;0.0;0
1919;6;2004;0.0;0.0;0.0;0.0;0
1920;6;2005;0.0;0.0;0.0;0.0;0
1921;6;2006;0.0;0.0;0.0;0.0;0
1922;6;2007;0.0;0.0;0.0;0.0;0
1923;8;2004;0.0;0.0;0.0;0.0;2
1924;8;2005;0.0;0.0;0.0;0.0;2
1925;8;2006;0.0;0.0;0.0;0.0;5
1926;8;2007;0.0;0.0;0.0;0.0;5
1927;11;2004;0.0;0.0;0.0;0.0;0
1928;11;2005;0.0;0.0;0.0;0.0;0
1929;11;2006;0.0;0.0;0.0;0.0;0
1930;11;2007;0.0;0.0;0.0;0.0;0
1931;14;2004;0.0;0.0;0.0;0.0;0
1932;14;2005;0.0;0.0;0.0;0.0;0
1933;14;2006;0.0;0.0;0.0;0.0;0
1934;14;2007;0.0;0.0;0.0;0.0;0
1935;15;2005;0.0;0.0;0.0;0.0;6
1936;15;2006;0.0;0.0;0.0;0.0;7
1937;15;2007;0.0;0.0;0.0;0.0;12
1938;17;2006;0.0;0.0;0.0;0.0;0
1939;18;2004;0.0;0.0;0.0;0.0;0
1940;18;2005;0.0;0.0;0.0;0.0;0
1941;18;2007;0.0;0.0;0.0;0.0;0
1942;20;2004;0.0;0.0;0.0;0.0;0
1943;20;2005;0.0;0.0;0.0;0.0;0
1944;21;2004;0.0;0.0;0.0;0.0;0
1945;21;2005;0.0;0.0;0.0;0.0;0
1946;21;2006;0.0;0.0;0.0;0.0;0
1947;21;2007;0.0;0.0;0.0;0.0;0
1948;22;2004;0.0;0.0;0.0;0.0;0
1949;22;2006;0.0;0.0;0.0;0.0;0
1950;22;2007;0.0;0.0;0.0;0.0;0
1951;23;2004;0.0;0.0;0.0;0.0;0
1952;23;2005;0.0;0.0;0.0;0.0;0
1953;24;2004;0.0;0.0;0.0;0.0;0
1954;24;2005;0.0;0.0;0.0;0.0;0
1955;24;2006;0.0;0.0;0.0;0.0;0
1956;24;2007;0.0;0.0;0.0;0.0;0
1957;25;2004;0.0;0.0;0.0;0.0;0
1958;25;2005;0.0;0.0;0.0;0.0;0
1959;25;2006;0.0;0.0;0.0;0.0;0
1960;25;2007;0.0;0.0;0.0;0.0;0
1961;26;2005;0.0;0.0;0.0;0.0;0
1962;26;2006;0.0;0.0;0.0;0.0;0
1963;28;2004;0.0;0.0;0.0;0.0;0
1964;28;2005;0.0;0.0;0.0;0.0;0
1965;28;2006;0.0;0.0;0.0;0.0;0
1966;28;2007;0.0;0.0;0.0;0.0;0
1967;29;2004;0.0;0.0;0.0;0.0;0
1968;29;2005;0.0;0.0;0.0;0.0;0
1969;29;2006;0.0;0.0;0.0;0.0;0
1970;29;2007;0.0;0.0;0.0;0.0;0
1971;32;2004;0.0;0.0;0.0;0.0;0
1972;32;2005;0.0;0.0;0.0;0.0;0
1973;32;2006;0.0;0.0;0.0;0.0;0
1974;32;2007;0.0;0.0;0.0;0.0;0
1975;33;2004;0.0;0.0;0.0;0.0;0
1976;33;2005;0.0;0.0;0.0;0.0;0
1977;33;2006;0.0;0.0;0.0;0.0;0
1978;33;2007;0.0;0.0;0.0;0.0;0
1979;34;2004;0.0;0.0;0.0;0.0;0
1980;34;2005;0.0;0.0;0.0;0.0;0
1981;34;2006;0.0;0.0;0.0;0.0;0
1982;36;2004;0.0;0.0;0.0;0.0;0
1983;36;2005;0.0;0.0;0.0;0.0;0
1984;36;2006;0.0;0.0;0.0;0.0;0
1985;36;2007;0.0;0.0;0.0;0.0;0
1986;37;2004;0.0;0.0;0.0;0.0;0
1987;37;2005;0.0;0.0;0.0;0.0;0
1988;37;2006;0.0;0.0;0.0;0.0;0
1989;37;2007;0.0;0.0;0.0;0.0;0
1990;38;2005;0.0;0.0;0.0;0.0;17
1991;38;2006;0.0;0.0;0.0;0.0;22
1992;40;2004;0.0;0.0;0.0;0.0;7
1993;40;2005;0.0;0.0;0.0;0.0;8
1994;41;2004;0.0;0.0;0.0;0.0;3
1995;41;2005;0.0;0.0;0.0;0.0;3
1996;41;2007;0.0;0.0;0.0;0.0;3
1997;42;2004;0.0;0.0;0.0;0.0;1
1998;42;2006;0.0;0.0;0.0;0.0;8
1999;42;2007;0.0;0.0;0.0;0.0;20
2000;43;2004;0.0;0.0;0.0;0.0;0
2001;43;2005;0.0;0.0;0.0;0.0;0
2002;43;2006;0.0;0.0;0.0;0.0;0
2003;43;2007;0.0;0.0;0.0;0.0;0
2004;44;2004;0.0;0.0;0.0;0.0;0
2005;44;2005;0.0;0.0;0.0;0.0;0
2006;44;2006;0.0;0.0;0.0;0.0;0
2007;45;2006;0.0;0.0;0.0;0.0;0
2008;45;2006;0.0;0.0;0.0;0.0;0
2009;45;2007;0.0;0.0;0.0;0.0;0
2010;45;2007;0.0;0.0;0.0;0.0;0
2011;48;2006;0.0;0.0;0.0;0.0;2
2012;48;2007;0.0;0.0;0.0;0.0;2
2013;49;2005;0.0;0.0;0.0;0.0;0
2014;49;2006;0.0;0.0;0.0;0.0;0
2015;49;2007;0.0;0.0;0.0;0.0;0
2016;50;2004;0.0;0.0;0.0;0.0;0
2017;50;2005;0.0;0.0;0.0;0.0;0
2018;50;2006;0.0;0.0;0.0;0.0;0
2019;52;2004;0.0;0.0;0.0;0.0;0
2020;52;2005;0.0;0.0;0.0;0.0;0
2021;52;2006;0.0;0.0;0.0;0.0;0
2022;52;2007;0.0;0.0;0.0;0.0;0
2023;54;2004;0.0;0.0;0.0;0.0;0
2024;54;2005;0.0;0.0;0.0;0.0;0
2025;54;2006;0.0;0.0;0.0;0.0;0
2026;54;2007;0.0;0.0;0.0;0.0;0
2027;58;2004;0.0;0.0;0.0;0.0;0
2028;58;2005;0.0;0.0;0.0;0.0;0
2029;58;2006;0.0;0.0;0.0;0.0;0
2030;58;2007;0.0;0.0;0.0;0.0;0
2031;59;2004;0.0;0.0;0.0;0.0;0
2032;59;2005;0.0;0.0;0.0;0.0;0
2033;59;2006;0.0;0.0;0.0;0.0;0
2034;59;2007;0.0;0.0;0.0;0.0;0
2035;62;2004;0.0;0.0;0.0;0.0;0
2036;62;2005;0.0;0.0;0.0;0.0;0
2037;62;2006;0.0;0.0;0.0;0.0;0
2038;62;2007;0.0;0.0;0.0;0.0;0
2039;64;2005;0.0;0.0;0.0;0.0;1
2040;64;2006;0.0;0.0;0.0;0.0;2
2041;64;2007;0.0;0.0;0.0;0.0;4
2042;65;2004;0.0;0.0;0.0;0.0;0
2043;65;2005;0.0;0.0;0.0;0.0;0
2044;65;2006;0.0;0.0;0.0;0.0;0
2045;65;2007;0.0;0.0;0.0;0.0;0
2046;69;2005;0.0;0.0;0.0;0.0;0
2047;69;2006;0.0;0.0;0.0;0.0;0
2048;69;2007;0.0;0.0;0.0;0.0;0
2049;71;2004;0.0;0.0;0.0;0.0;0
2050;71;2005;0.0;0.0;0.0;0.0;0
2051;71;2006;0.0;0.0;0.0;0.0;0
2052;71;2007;0.0;0.0;0.0;0.0;0
2053;74;2004;0.0;0.0;0.0;0.0;0
2054;74;2005;0.0;0.0;0.0;0.0;0
2055;74;2006;0.0;0.0;0.0;0.0;0
2056;74;2007;0.0;0.0;0.0;0.0;0
2057;76;2004;0.0;0.0;0.0;0.0;0
2058;76;2006;0.0;0.0;0.0;0.0;0
2059;76;2007;0.0;0.0;0.0;0.0;0
2060;79;2004;0.0;0.0;0.0;0.0;0
2061;79;2006;0.0;0.0;0.0;0.0;0
2062;79;2007;0.0;0.0;0.0;0.0;0
2063;80;2004;0.0;0.0;0.0;0.0;0
2064;80;2005;0.0;0.0;0.0;0.0;0
2065;80;2006;0.0;0.0;0.0;0.0;0
2066;80;2007;0.0;0.0;0.0;0.0;0
2067;81;2004;0.0;0.0;0.0;0.0;0
2068;81;2005;0.0;0.0;0.0;0.0;0
2069;81;2006;0.0;0.0;0.0;0.0;0
2070;83;2004;0.0;0.0;0.0;0.0;0
2071;83;2005;0.0;0.0;0.0;0.0;0
2072;83;2006;0.0;0.0;0.0;0.0;0
2073;83;2007;0.0;0.0;0.0;0.0;0
2074;84;2004;0.0;0.0;0.0;0.0;0
2075;84;2005;0.0;0.0;0.0;0.0;0
2076;84;2006;0.0;0.0;0.0;0.0;0
2077;84;2007;0.0;0.0;0.0;0.0;0
2078;85;2004;0.0;0.0;0.0;0.0;0
2079;85;2005;0.0;0.0;0.0;0.0;0
2080;85;2007;0.0;0.0;0.0;0.0;0
2081;87;2004;0.0;0.0;0.0;0.0;0
2082;87;2005;0.0;0.0;0.0;0.0;0
2083;87;2006;0.0;0.0;0.0;0.0;0
2084;87;2007;0.0;0.0;0.0;0.0;0
2085;88;2004;0.0;0.0;0.0;0.0;0
2086;88;2005;0.0;0.0;0.0;0.0;0
2087;88;2006;0.0;0.0;0.0;0.0;0
2088;88;2007;0.0;0.0;0.0;0.0;0
2089;89;2004;0.0;0.0;0.0;0.0;0
2090;89;2005;0.0;0.0;0.0;0.0;0
2091;89;2007;0.0;0.0;0.0;0.0;0
2092;91;2004;0.0;0.0;0.0;0.0;0
2093;91;2005;0.0;0.0;0.0;0.0;0
2094;91;2006;0.0;0.0;0.0;0.0;0
2095;91;2007;0.0;0.0;0.0;0.0;0
2096;92;2004;0.0;0.0;0.0;0.0;0
2097;92;2005;0.0;0.0;0.0;0.0;0
2098;92;2006;0.0;0.0;0.0;0.0;0
2099;92;2007;0.0;0.0;0.0;0.0;0
2100;93;2004;0.0;0.0;0.0;0.0;14
2101;93;2005;0.0;0.0;0.0;0.0;15
2102;93;2006;0.0;0.0;0.0;0.0;17
2103;93;2007;0.0;0.0;0.0;0.0;21
2104;96;2004;0.0;0.0;0.0;0.0;0
2105;96;2005;0.0;0.0;0.0;0.0;0
2106;96;2006;0.0;0.0;0.0;0.0;0
2107;96;2007;0.0;0.0;0.0;0.0;0
2108;97;2004;0.0;0.0;0.0;0.0;0
2109;97;2005;0.0;0.0;0.0;0.0;0
2110;97;2006;0.0;0.0;0.0;0.0;0
2111;97;2007;0.0;0.0;0.0;0.0;0
2112;100;2005;0.0;0.0;0.0;0.0;12
2113;100;2006;0.0;0.0;0.0;0.0;23
2114;100;2007;0.0;0.0;0.0;0.0;36
2115;103;2004;0.0;0.0;0.0;0.0;0
2116;103;2007;0.0;0.0;0.0;0.0;0
2117;104;2004;0.0;0.0;0.0;0.0;0
2118;104;2005;0.0;0.0;0.0;0.0;0
2119;104;2007;0.0;0.0;0.0;0.0;0
2120;109;2004;0.0;0.0;0.0;0.0;0
2121;109;2005;0.0;0.0;0.0;0.0;0
2122;109;2007;0.0;0.0;0.0;0.0;0
2123;110;2004;0.0;0.0;0.0;0.0;22
2124;110;2005;0.0;0.0;0.0;0.0;24
2125;110;2006;0.0;0.0;0.0;0.0;27
2126;110;2007;0.0;0.0;0.0;0.0;24
2127;112;2004;0.0;0.0;0.0;0.0;0
2128;112;2006;0.0;0.0;0.0;0.0;0
2129;112;2007;0.0;0.0;0.0;0.0;0
2130;114;2004;0.0;0.0;0.0;0.0;0
2131;114;2005;0.0;0.0;0.0;0.0;0
2132;114;2007;0.0;0.0;0.0;0.0;0
2133;115;2004;0.0;0.0;0.0;0.0;0
2134;115;2005;0.0;0.0;0.0;0.0;0
2135;115;2007;0.0;0.0;0.0;0.0;0
2136;116;2004;0.0;0.0;0.0;0.0;0
2137;116;2005;0.0;0.0;0.0;0.0;0
2138;116;2006;0.0;0.0;0.0;0.0;0
2139;116;2007;0.0;0.0;0.0;0.0;0
2140;117;2004;0.0;0.0;0.0;0.0;2
2141;117;2005;0.0;0.0;0.0;0.0;3
2142;117;2007;0.0;0.0;0.0;0.0;10
2143;118;2004;0.0;0.0;0.0;0.0;2
2144;118;2005;0.0;0.0;0.0;0.0;2
2145;118;2006;0.0;0.0;0.0;0.0;3
2146;118;2007;0.0;0.0;0.0;0.0;4
2147;119;2004;0.0;0.0;0.0;0.0;0
2148;119;2005;0.0;0.0;0.0;0.0;0
2149;119;2006;0.0;0.0;0.0;0.0;0
2150;120;2004;0.0;0.0;0.0;0.0;1
2151;120;2005;0.0;0.0;0.0;0.0;0
2152;120;2006;0.0;0.0;0.0;0.0;3
2153;120;2007;0.0;0.0;0.0;0.0;4
2154;121;2004;0.0;0.0;0.0;0.0;0
2155;121;2005;0.0;0.0;0.0;0.0;0
2156;121;2006;0.0;0.0;0.0;0.0;0
2157;122;2004;0.0;0.0;0.0;0.0;0
2158;122;2005;0.0;0.0;0.0;0.0;0
2159;122;2006;0.0;0.0;0.0;0.0;0
2160;122;2007;0.0;0.0;0.0;0.0;0
2161;123;2004;0.0;0.0;0.0;0.0;0
2162;123;2005;0.0;0.0;0.0;0.0;0
2163;123;2006;0.0;0.0;0.0;0.0;0
2164;123;2007;0.0;0.0;0.0;0.0;0
2165;124;2004;0.0;0.0;0.0;0.0;1
2166;124;2005;0.0;0.0;0.0;0.0;1
2167;124;2006;0.0;0.0;0.0;0.0;0
2168;124;2007;0.0;0.0;0.0;0.0;0
2169;125;2004;0.0;0.0;0.0;0.0;0
2170;125;2005;0.0;0.0;0.0;0.0;0
2171;125;2007;0.0;0.0;0.0;0.0;0
2172;126;2004;0.0;0.0;0.0;0.0;0
2173;126;2005;0.0;0.0;0.0;0.0;0
2174;126;2006;0.0;0.0;0.0;0.0;0
2175;126;2007;0.0;0.0;0.0;0.0;0
2176;130;2004;0.0;0.0;0.0;0.0;0
2177;130;2005;0.0;0.0;0.0;0.0;0
2178;130;2006;0.0;0.0;0.0;0.0;0
2179;130;2007;0.0;0.0;0.0;0.0;0
2180;131;2004;0.0;0.0;0.0;0.0;0
2181;131;2005;0.0;0.0;0.0;0.0;0
2182;131;2007;0.0;0.0;0.0;0.0;0
2183;132;2004;0.0;0.0;0.0;0.0;0
2184;132;2005;0.0;0.0;0.0;0.0;1
2185;132;2006;0.0;0.0;0.0;0.0;1
2186;132;2007;0.0;0.0;0.0;0.0;1
2187;134;2004;0.0;0.0;0.0;0.0;0
2188;134;2006;0.0;0.0;0.0;0.0;0
2189;134;2007;0.0;0.0;0.0;0.0;0
2190;135;2004;0.0;0.0;0.0;0.0;0
2191;135;2005;0.0;0.0;0.0;0.0;0
2192;135;2006;0.0;0.0;0.0;0.0;0
2193;135;2007;0.0;0.0;0.0;0.0;0
2194;136;2007;0.0;0.0;0.0;0.0;10
2195;137;2004;0.0;0.0;0.0;0.0;0
2196;137;2005;0.0;0.0;0.0;0.0;0
2197;137;2006;0.0;0.0;0.0;0.0;0
2198;137;2007;0.0;0.0;0.0;0.0;0
2199;138;2004;0.0;0.0;0.0;0.0;0
2200;138;2005;0.0;0.0;0.0;0.0;0
2201;138;2006;0.0;0.0;0.0;0.0;0
2202;138;2007;0.0;0.0;0.0;0.0;0
2203;139;2004;0.0;0.0;0.0;0.0;0
2204;139;2005;0.0;0.0;0.0;0.0;0
2205;139;2007;0.0;0.0;0.0;0.0;0
2206;141;2004;0.0;0.0;0.0;0.0;0
2207;141;2006;0.0;0.0;0.0;0.0;0
2208;141;2007;0.0;0.0;0.0;0.0;0
2209;142;2004;0.0;0.0;0.0;0.0;0
2210;142;2005;0.0;0.0;0.0;0.0;0
2211;142;2006;0.0;0.0;0.0;0.0;0
2212;143;2004;0.0;0.0;0.0;0.0;0
2213;143;2005;0.0;0.0;0.0;0.0;0
2214;143;2006;0.0;0.0;0.0;0.0;0
2215;143;2007;0.0;0.0;0.0;0.0;0
2216;144;2004;0.0;0.0;0.0;0.0;0
2217;144;2005;0.0;0.0;0.0;0.0;0
2218;144;2006;0.0;0.0;0.0;0.0;0
2219;144;2007;0.0;0.0;0.0;0.0;0
2220;145;2005;0.0;0.0;0.0;0.0;0
2221;145;2006;0.0;0.0;0.0;0.0;0
2222;145;2007;0.0;0.0;0.0;0.0;0
2223;148;2004;0.0;0.0;0.0;0.0;0
2224;148;2005;0.0;0.0;0.0;0.0;0
2225;148;2007;0.0;0.0;0.0;0.0;0
2226;149;2005;0.0;0.0;0.0;0.0;0
2227;149;2006;0.0;0.0;0.0;0.0;0
2228;149;2007;0.0;0.0;0.0;0.0;0
2229;150;2004;0.0;0.0;0.0;0.0;5
2230;150;2005;0.0;0.0;0.0;0.0;6
2231;150;2007;0.0;0.0;0.0;0.0;9
2232;152;2004;0.0;0.0;0.0;0.0;0
2233;152;2005;0.0;0.0;0.0;0.0;0
2234;152;2006;0.0;0.0;0.0;0.0;0
2235;152;2007;0.0;0.0;0.0;0.0;0
2236;153;2004;0.0;0.0;0.0;0.0;0
2237;153;2005;0.0;0.0;0.0;0.0;0
2238;153;2006;0.0;0.0;0.0;0.0;0
2239;153;2007;0.0;0.0;0.0;0.0;0
2240;154;2004;0.0;0.0;0.0;0.0;0
2241;154;2006;0.0;0.0;0.0;0.0;0
2242;156;2004;0.0;0.0;0.0;0.0;0
2243;156;2005;0.0;0.0;0.0;0.0;0
2244;156;2006;0.0;0.0;0.0;0.0;0
2245;156;2007;0.0;0.0;0.0;0.0;0
2246;157;2004;0.0;0.0;0.0;0.0;0
2247;157;2006;0.0;0.0;0.0;0.0;0
2248;157;2007;0.0;0.0;0.0;0.0;0
2249;161;2004;0.0;0.0;0.0;0.0;0
2250;161;2005;0.0;0.0;0.0;0.0;0
2251;161;2006;0.0;0.0;0.0;0.0;0
2252;161;2007;0.0;0.0;0.0;0.0;0
2253;162;2004;0.0;0.0;0.0;0.0;0
2254;162;2005;0.0;0.0;0.0;0.0;0
2255;162;2006;0.0;0.0;0.0;0.0;0
2256;162;2007;0.0;0.0;0.0;0.0;0
2257;163;2004;0.0;0.0;0.0;0.0;0
2258;163;2005;0.0;0.0;0.0;0.0;0
2259;163;2006;0.0;0.0;0.0;0.0;2
2260;163;2007;0.0;0.0;0.0;0.0;3
2261;164;2004;0.0;0.0;0.0;0.0;0
2262;164;2005;0.0;0.0;0.0;0.0;0
2263;164;2006;0.0;0.0;0.0;0.0;0
2264;164;2007;0.0;0.0;0.0;0.0;1
2265;165;2006;0.0;0.0;0.0;0.0;0
2266;169;2004;0.0;0.0;0.0;0.0;2
2267;169;2005;0.0;0.0;0.0;0.0;3
2268;169;2007;0.0;0.0;0.0;0.0;3
2269;170;2004;0.0;0.0;0.0;0.0;0
2270;170;2005;0.0;0.0;0.0;0.0;0
2271;170;2007;0.0;0.0;0.0;0.0;0
2272;171;2004;0.0;0.0;0.0;0.0;0
2273;171;2005;0.0;0.0;0.0;0.0;0
2274;171;2006;0.0;0.0;0.0;0.0;0
2275;171;2007;0.0;0.0;0.0;0.0;0
2276;173;2004;0.0;0.0;0.0;0.0;0
2277;173;2005;0.0;0.0;0.0;0.0;0
2278;173;2006;0.0;0.0;0.0;0.0;0
2279;173;2007;0.0;0.0;0.0;0.0;0
2280;174;2004;0.0;0.0;0.0;0.0;0
2281;174;2005;0.0;0.0;0.0;0.0;0
2282;174;2006;0.0;0.0;0.0;0.0;0
2283;174;2007;0.0;0.0;0.0;0.0;0
2284;178;2004;0.0;0.0;0.0;0.0;0
2285;178;2005;0.0;0.0;0.0;0.0;0
2286;178;2006;0.0;0.0;0.0;0.0;0
2287;178;2007;0.0;0.0;0.0;0.0;0
2288;179;2004;0.0;0.0;0.0;0.0;0
2289;179;2005;0.0;0.0;0.0;0.0;0
2290;179;2006;0.0;0.0;0.0;0.0;0
2291;179;2007;0.0;0.0;0.0;0.0;0
2292;181;2004;0.0;0.0;0.0;0.0;0
2293;181;2005;0.0;0.0;0.0;0.0;0
2294;183;2004;0.0;0.0;0.0;0.0;0
2295;183;2006;0.0;0.0;0.0;0.0;0
2296;183;2007;0.0;0.0;0.0;0.0;0
2297;184;2004;0.0;0.0;0.0;0.0;8
2298;184;2005;0.0;0.0;0.0;0.0;7
2299;184;2006;0.0;0.0;0.0;0.0;11
2300;184;2007;0.0;0.0;0.0;0.0;13
2301;185;2004;0.0;0.0;0.0;0.0;0
2302;185;2005;0.0;0.0;0.0;0.0;0
2303;185;2006;0.0;0.0;0.0;0.0;0
2304;185;2007;0.0;0.0;0.0;0.0;0
2305;186;2004;0.0;0.0;0.0;0.0;0
2306;186;2006;0.0;0.0;0.0;0.0;0
2307;186;2007;0.0;0.0;0.0;0.0;0
2308;187;2004;0.0;0.0;0.0;0.0;5
2309;187;2005;0.0;0.0;0.0;0.0;4
2310;187;2006;0.0;0.0;0.0;0.0;4
2311;187;2007;0.0;0.0;0.0;0.0;4
2312;191;2004;0.0;0.0;0.0;0.0;0
2313;191;2006;0.0;0.0;0.0;0.0;0
2314;191;2007;0.0;0.0;0.0;0.0;0
2315;192;2004;0.0;0.0;0.0;0.0;0
2316;192;2005;0.0;0.0;0.0;0.0;0
2317;192;2006;0.0;0.0;0.0;0.0;0
2318;192;2007;0.0;0.0;0.0;0.0;0
2319;194;2004;0.0;0.0;0.0;0.0;0
2320;194;2005;0.0;0.0;0.0;0.0;0
2321;194;2006;0.0;0.0;0.0;0.0;0
2322;194;2007;0.0;0.0;0.0;0.0;0
2323;195;2004;0.0;0.0;0.0;0.0;0
2324;195;2005;0.0;0.0;0.0;0.0;0
2325;195;2006;0.0;0.0;0.0;0.0;0
2326;195;2007;0.0;0.0;0.0;0.0;0
2327;197;2004;0.0;0.0;0.0;0.0;0
2328;197;2005;0.0;0.0;0.0;0.0;0
2329;197;2006;0.0;0.0;0.0;0.0;0
2330;197;2007;0.0;0.0;0.0;0.0;0
2331;198;2004;0.0;0.0;0.0;0.0;0
2332;198;2005;0.0;0.0;0.0;0.0;0
2333;198;2006;0.0;0.0;0.0;0.0;0
2334;198;2007;0.0;0.0;0.0;0.0;0
2335;202;2004;0.0;0.0;0.0;0.0;0
2336;202;2005;0.0;0.0;0.0;0.0;0
2337;202;2006;0.0;0.0;0.0;0.0;0
2338;202;2007;0.0;0.0;0.0;0.0;0
2339;203;2004;0.0;0.0;0.0;0.0;0
2340;203;2005;0.0;0.0;0.0;0.0;0
2341;203;2006;0.0;0.0;0.0;0.0;0
2342;203;2007;0.0;0.0;0.0;0.0;0
2343;204;2004;0.0;0.0;0.0;0.0;0
2344;204;2005;0.0;0.0;0.0;0.0;0
2345;204;2006;0.0;0.0;0.0;0.0;0
2346;205;2004;0.0;0.0;0.0;0.0;0
2347;205;2005;0.0;0.0;0.0;0.0;0
2348;205;2006;0.0;0.0;0.0;0.0;0
2349;205;2007;0.0;0.0;0.0;0.0;0
2350;206;2004;0.0;0.0;0.0;0.0;0
2351;206;2005;0.0;0.0;0.0;0.0;0
2352;206;2006;0.0;0.0;0.0;0.0;0
2353;206;2007;0.0;0.0;0.0;0.0;0
2354;207;2004;0.0;0.0;0.0;0.0;0
2355;207;2005;0.0;0.0;0.0;0.0;0
2356;207;2007;0.0;0.0;0.0;0.0;0
2357;208;2005;0.0;0.0;0.0;0.0;3
2358;209;2005;0.0;0.0;0.0;0.0;0
2359;209;2006;0.0;0.0;0.0;0.0;0
2360;211;2004;0.0;0.0;0.0;0.0;0
2361;211;2005;0.0;0.0;0.0;0.0;0
2362;211;2006;0.0;0.0;0.0;0.0;0
2363;211;2007;0.0;0.0;0.0;0.0;0
2364;212;2004;0.0;0.0;0.0;0.0;0
2365;212;2005;0.0;0.0;0.0;0.0;0
2366;212;2006;0.0;0.0;0.0;0.0;0
2367;213;2004;0.0;0.0;0.0;0.0;0
2368;213;2005;0.0;0.0;0.0;0.0;0
2369;213;2006;0.0;0.0;0.0;0.0;0
2370;213;2007;0.0;0.0;0.0;0.0;0
2371;214;2004;0.0;0.0;0.0;0.0;0
2372;214;2005;0.0;0.0;0.0;0.0;0
2373;214;2006;0.0;0.0;0.0;0.0;0
2374;214;2007;0.0;0.0;0.0;0.0;0
2375;215;2004;0.0;0.0;0.0;0.0;0
2376;215;2006;0.0;0.0;0.0;0.0;0
2377;215;2007;0.0;0.0;0.0;0.0;0
2378;217;2004;0.0;0.0;0.0;0.0;0
2379;217;2005;0.0;0.0;0.0;0.0;0
2380;217;2006;0.0;0.0;0.0;0.0;0
2381;217;2007;0.0;0.0;0.0;0.0;0
2382;219;2004;0.0;0.0;0.0;0.0;0
2383;219;2005;0.0;0.0;0.0;0.0;0
2384;219;2006;0.0;0.0;0.0;0.0;0
2385;220;2004;0.0;0.0;0.0;0.0;0
2386;220;2006;0.0;0.0;0.0;0.0;0
2387;220;2007;0.0;0.0;0.0;0.0;0
2388;223;2004;0.0;0.0;0.0;0.0;0
2389;223;2005;0.0;0.0;0.0;0.0;0
2390;225;2004;0.0;0.0;0.0;0.0;0
2391;225;2005;0.0;0.0;0.0;0.0;0
2392;225;2006;0.0;0.0;0.0;0.0;0
2393;225;2007;0.0;0.0;0.0;0.0;0
2394;227;2004;0.0;0.0;0.0;0.0;0
2395;227;2005;0.0;0.0;0.0;0.0;0
2396;227;2006;0.0;0.0;0.0;0.0;0
2397;227;2007;0.0;0.0;0.0;0.0;0
2398;229;2004;0.0;0.0;0.0;0.0;0
2399;229;2005;0.0;0.0;0.0;0.0;0
2400;229;2006;0.0;0.0;0.0;0.0;0
2401;229;2007;0.0;0.0;0.0;0.0;0
2402;230;2004;0.0;0.0;0.0;0.0;0
2403;230;2005;0.0;0.0;0.0;0.0;0
2404;230;2006;0.0;0.0;0.0;0.0;0
2405;230;2007;0.0;0.0;0.0;0.0;0
2406;231;2005;0.0;0.0;0.0;0.0;0
2407;231;2007;0.0;0.0;0.0;0.0;0
2408;232;2004;0.0;0.0;0.0;0.0;0
2409;232;2005;0.0;0.0;0.0;0.0;0
2410;232;2006;0.0;0.0;0.0;0.0;0
2411;232;2007;0.0;0.0;0.0;0.0;0
2412;234;2004;0.0;0.0;0.0;0.0;0
2413;234;2005;0.0;0.0;0.0;0.0;0
2414;234;2006;0.0;0.0;0.0;0.0;0
2415;234;2007;0.0;0.0;0.0;0.0;0
2416;235;2004;0.0;0.0;0.0;0.0;0
2417;235;2006;0.0;0.0;0.0;0.0;0
2418;235;2007;0.0;0.0;0.0;0.0;0
2419;237;2004;0.0;0.0;0.0;0.0;2
2420;237;2006;0.0;0.0;0.0;0.0;3
2421;237;2007;0.0;0.0;0.0;0.0;3
2422;238;2005;0.0;0.0;0.0;0.0;0
2423;238;2007;0.0;0.0;0.0;0.0;0
2424;239;2004;0.0;0.0;0.0;0.0;0
2425;239;2005;0.0;0.0;0.0;0.0;0
2426;239;2006;0.0;0.0;0.0;0.0;0
2427;239;2007;0.0;0.0;0.0;0.0;0
